/*
 Navicat Premium Data Transfer

 Source Server         : Study
 Source Server Type    : MySQL
 Source Server Version : 80033
 Source Host           : 192.168.245.128:3306
 Source Schema         : activiti

 Target Server Type    : MySQL
 Target Server Version : 80033
 File Encoding         : 65001

 Date: 05/09/2023 21:52:45
*/

SET NAMES utf8mb4;
SET FOREIGN_KEY_CHECKS = 0;

-- ----------------------------
-- Table structure for act_evt_log
-- ----------------------------
DROP TABLE IF EXISTS `act_evt_log`;
CREATE TABLE `act_evt_log`  (
  `LOG_NR_` bigint NOT NULL AUTO_INCREMENT,
  `TYPE_` varchar(64) CHARACTER SET utf8mb3 COLLATE utf8mb3_bin NULL DEFAULT NULL,
  `PROC_DEF_ID_` varchar(64) CHARACTER SET utf8mb3 COLLATE utf8mb3_bin NULL DEFAULT NULL,
  `PROC_INST_ID_` varchar(64) CHARACTER SET utf8mb3 COLLATE utf8mb3_bin NULL DEFAULT NULL,
  `EXECUTION_ID_` varchar(64) CHARACTER SET utf8mb3 COLLATE utf8mb3_bin NULL DEFAULT NULL,
  `TASK_ID_` varchar(64) CHARACTER SET utf8mb3 COLLATE utf8mb3_bin NULL DEFAULT NULL,
  `TIME_STAMP_` timestamp(3) NOT NULL,
  `USER_ID_` varchar(255) CHARACTER SET utf8mb3 COLLATE utf8mb3_bin NULL DEFAULT NULL,
  `DATA_` longblob NULL,
  `LOCK_OWNER_` varchar(255) CHARACTER SET utf8mb3 COLLATE utf8mb3_bin NULL DEFAULT NULL,
  `LOCK_TIME_` timestamp(3) NULL DEFAULT NULL,
  `IS_PROCESSED_` tinyint NULL DEFAULT 0,
  PRIMARY KEY (`LOG_NR_`) USING BTREE
) ENGINE = InnoDB CHARACTER SET = utf8mb3 COLLATE = utf8mb3_bin ROW_FORMAT = DYNAMIC;

-- ----------------------------
-- Records of act_evt_log
-- ----------------------------

-- ----------------------------
-- Table structure for act_ge_bytearray
-- ----------------------------
DROP TABLE IF EXISTS `act_ge_bytearray`;
CREATE TABLE `act_ge_bytearray`  (
  `ID_` varchar(64) CHARACTER SET utf8mb3 COLLATE utf8mb3_bin NOT NULL,
  `REV_` int NULL DEFAULT NULL,
  `NAME_` varchar(255) CHARACTER SET utf8mb3 COLLATE utf8mb3_bin NULL DEFAULT NULL,
  `DEPLOYMENT_ID_` varchar(64) CHARACTER SET utf8mb3 COLLATE utf8mb3_bin NULL DEFAULT NULL,
  `BYTES_` longblob NULL,
  `GENERATED_` tinyint NULL DEFAULT NULL,
  PRIMARY KEY (`ID_`) USING BTREE,
  INDEX `ACT_FK_BYTEARR_DEPL`(`DEPLOYMENT_ID_` ASC) USING BTREE,
  CONSTRAINT `ACT_FK_BYTEARR_DEPL` FOREIGN KEY (`DEPLOYMENT_ID_`) REFERENCES `act_re_deployment` (`ID_`) ON DELETE RESTRICT ON UPDATE RESTRICT
) ENGINE = InnoDB CHARACTER SET = utf8mb3 COLLATE = utf8mb3_bin ROW_FORMAT = DYNAMIC;

-- ----------------------------
-- Records of act_ge_bytearray
-- ----------------------------
INSERT INTO `act_ge_bytearray` VALUES ('13aca214-34bc-11ed-bd8b-283a4d3b4979', 1, 'source-extra', NULL, 0x89504E470D0A1A0A0000000D494844520000024E00000142080600000007735213000000206348524D00007A26000080840000FA00000080E8000075300000EA6000003A98000017709CBA513C0000000467414D410000B18E7CFB5193000000017352474200AECE1CE900000006624B474400FF00FF00FFA0BDA793000000097048597300000EC400000EC401952B0E1B00001D6D4944415478DAEDDD09901D55BD3FF09E4942160219089888489045228AA61064712122617BC043011388F0177D8094408984020A54145FC12BA1F0FDF12F022AC82261130C6B12C48028284BC89FC03FE1414848203BD921C94CEEFCCFEFE676B8B94C96D933339F4F55D7DCA56FDF3B7D4FF7F9F6E9D3E7661900000000000000000000000000000000000000000000000000000000000000000000000000000000000000000000000000000000000000000000000000000000000000000000000000000000000000000000000000000000000000000000000000000000000000000000000000000000000000000000000000000000000000000000000000000000000000000000000000000000000000000000000000000000000000000000000000000000000000000000000000000000000000000000000000000000000000000000000000000000000000000000000000000000000000000000000000000000000000000000000000000000000000000000000000000000000000000000000000000000000000000000000000000000000000000000000000000000000000000000000000000000000000000000000000000000000000000000000000000000000000000000000000000000000000000000000000000000000000000000000000000000000000000000000000000000000000000000000000000000000000000000000000000000000000000000000000000000000000000000000000000000000000000000000000000000000000A1CA2A802DC3E4C9934F5CBD7AF5D9AB56ADFAFC7BEFBDD7AF50285829CDDDC1555565BD7BF75E96A6977BF4E8F19B7DF6D9E73665086508C1093AB0175F7CF1A0952B578E5EB366CDC7070E1C58D5AF5FBF6C9B6DB6C9AAABABAD9C668AE0B07CF9F26CE9D2A5D9DCB973E3A159A9F23B75FFFDF79FA00CA10C213841073371E2C4FF58B264C90DBBECB24BF54E3BED543CBAA5F5BCF3CE3BD98C19330A353535A3860C1972AD328432446375B30AA0FD2ABC7424FB9BBDF7DEBBDB8E3BEEA8C26B03D10AB3FDF6DB57CD9A356BD839E79CB3F0C61B6F7C4E19A22B97210427E810C68E1D3BB8AEAEEEA154E175DF76DB6D3FF47C7D7D217B77C6DFB2D9AFDC97CD7BEDE16CF1DBCF67F585DAAC77BF9D53E5E8F44B736CB5D556594D4D4DD5CC9933879D76DA6963FEF0873FCC5586E88A6588A6B1F5403BE8D3A7CF3DBBECB24B8F862ABC3077CA986CFEEBE3B2DAF7DF2DDEAF5BB5349BFFC6E3D99CFFF78095D702B6DE7AEB6CD0A0413D92BB9421BA6A194270820E61DCB87143EAEBEB3F19FD511A1215DD92775E6CF0B925B35FCA562E9B6D25B68058FFD5D5D59F183F7EFC81CA105DAD0C21384187D1B367CFEF7EF4A31FDD6A43FD51DE5F32AB789A6543562D7756A0A50C1C3870ABF47D7C4719A2AB95210427E830526577445C2EBE21F585BA8D2FA0DED83C2D254E73D5D7D70F5386E86A6508C1093A8CD5AB577F22AECCA1FDF5EDDB37BE8F5D9421BA5A194270820E231D9D763730E116B2035CFB3D542B4374B53284E0049D468FDEDB6DF4F9EE3DB534A00C81E00414F5AE1994F5DD61AF069FEBB3FDEEC5E7411902C109C8B2E2E08403061FDBE0731FDDFBEB5975B7ADAC249421109C80DC9AD52B1A7CBC6ED5322B076508042720F7EE8CA7B399136F69F0B9992FDE9C2D9CFE9495843204EDA4BB55005B86DA958BB3B9531ECC962F98BAC1790A6B56177F4663C5C2FFC9060E3E2EDB6AEB1DAD389421109CA06B5934EB5FD98237C6676B6ADFDFACF9DF5BF46636FD5FD7673BEC7668B6DD2E07FBD1569421109CA06B88D32AF3FEE7B146BF2E5A0EE275F1D31AFD77FD8A15A90C2943D0061C62403B8BCAAB3936F9F31A2843CA10B4182D4ED0CEE254494CA00CC1964F8B130080E0040020380100084E00005B329DC36953E3C68DFBDAB469D3CE993F7FFE81F3E6CDEBBF74E9D2EEAB56ADAAEAD1A347B6EDB6DBD60D183060D1F6DB6FFFDCDE7BEFFDBF0F3DF4D0B1D61840FB183972E4CE757575C75755551D92EE0E49D3C034F54DD3CA34CDA9AFAF7F293DF7F76EDDBA8DBEE38E3B66094ED082AEB9E69A518B172FBEF491471EA9F9D4A73E950D1B362CFBF8C73F9EA59094F5EAD52B5BB97265B66CD9B2EE3367CEDC71F2E4C9478F1933E6E84B2FBD74590A53BFBCE8A28B7E6C0D02B48D934F3EF9F8F4E7FB6BD6ACF9720A463D1B98A5579A764DCFED9AFE1E9FE6FBC588112326A4FBBFBBF3CE3B6F179CA0197EF18B5F7CF6DD77DF7D74F6ECD91F4D1B63D5E73EF7B92C1D9D7C782B4CE129A61D77DC31DB77DF7DB3D34E3B2D9B3469D23677DF7DF78F468D1A75F6C081038F4E7F9FB346015A470A3F1184AEAFAFAF3FB2092F1F9A5E37342DE3AC14A44EBFE79E7B5E179CA0F1A1E927AFBFFEFA8F8F39E698EAA38E3AAAC1C0B43111B2621A3B76EC0EF7DF7FFFB3575F7DF555293C5D6ACD02B4ACE1C3878F487FAE4BD30EF963B1CFFECC673E931D70C001D91E7BEC91D5D4D464DB6CB34DF6DE7BEF658B172FCEA64F9F9EFDEB5FFFCA5E7CF1C5ACB6B6367FD997D2EB26A603E5B33B6BEB93E044ABF8CD6F7E73D9E4C9937F72C1051754EDB9E79ECD5AD611471C910D1E3CB83A05A74BAEB9E69A6DD232CFB386015A2C341D535555755B9E092230C5C1EEE1871F5E3C0B50A94F9F3EC569A79D76CA0E3EF8E062887AF8E187B3471F7D345BB3664DCCD2B7BEBEFEB6149E7AA5F0F4DBCEB6BE5C55478BFBD18F7EF4C3149A7EFAE31FFFB8D9A1293768D0A02C96F7E69B6F7EFFF2CB2FBFD85A066891D0342285A6FBF3D01461E8CA2BAF8C8EE10D86A686444B54CC1FAF8BBEABB9149E6E4AE1E95B82136CC499679EB9FB9C3973AE3AEFBCF3AA3777A3DB5CB1BC51A34655BFFDF6DB3FFBE10F7FF8396B1BA0E9A24F530A4DD7E5A169AFBDF6CAD281E97AE1A731E275F1FA7DF6D9A73C3C5D9FC2D360C10936A04F9F3E8F1E77DC713D5AAAA5A952B43C9D70C2093D6A6B6BFF6C6D03345D0A4D3765A53E4DD1D274C1051714FB3035B30EC87EF0831F9487AF386D7793E0040D38F7DC734776EBD66DB7E893D49A62F9BD7AF5DA39BDDFD9D63A40E3C5900329D01C16B7A34F53849DE686A6F2F094F6CFE517047DA9339DB2139C68313D7AF4F8E929A79CD22D06B36C6DA79E7A6AB7EAEAEA4BDAE3FF1C3162C465B1D3193A74A88B2B5086E8A865E8FBF98DE808DED4D3731B12CB3BE69863D6DD4F21ED2CC109CAC408B3EFBFFFFEC763F880B610E7D00B85C2C0D2B8236DED8AB413B87FC080014BD2FBDF95765E479E74D2497DDBF203CC9831237BEAA9A7367BFE98F7EDB7DFDEECF91F79E4916CF9F2E50DBEEFC6D4D5D56DD663B9575E79251B3366CC263FCFA851A3D6BB1FAF9934695247DE64DABD0C6DAE2807E5DFE11B6FBCB1DEF3D75E7BED871ECBDD7AEBAD8D2AA79B5B26E6CE9D1BC39DAC2B93715557FED96230DD2E222F434B870F1FFE4063CA50ECAF63CCA5B89D5F41D71A8E3CF2C8ACEC40FA4BEDB4BF169CD832D5D4D49CB6EFBEFB766FEC584DCD71C00107F4D86EBBED4E6FAFFFB9AAAAAA4FFAF3CDB4037A34FDDFB3D38EEBCED8797DFBDBDFEED5DAEF1D7DBDA2E2884A2D0F33975D7659B1928AD0131D34CBEDBDF7DED957BFFAD57521AA7C8A26F5F28A319679DD75D7156F473889E5C57C5199C50E76C18205EBE68DE7F3E55C71C515C579E2CA9AFC7EFC3DFDF4D3D70B6153A74E5D77FBD39FFE7476CF3DF76C329C2D59B264BDFB5FF9CA57B23BEFBCB3783B026147AD2CDBB30C3526A44719C9BFE773CE3967BDE75F7DF5D5AC7BF7861B3D7EFBDBDF6653A64C2906A898A2FC4430AAD4D832D1BF7FFFECB5D75E2BDE7EF2C927B33FFDE94FC5DB7FFCE31FB37FFCE31F5D6ADF9BCA50EF34FD7BA90CCD49E1E49E4D95A1F81995ACD4213C0E76E3171C5AA95E280E685CE6C4CEB0CE3513D33205A97BF763F7D9679F360DE2F1D32DFFFCE73FFF2DDDFCC916B00AA203640C20372255E2ABD2CEEBBEB433BB67F6ECD90F4D9830A1AEA5DE248EB4A392D87AEBADB3A38F3E3ABBEDB6DB8AA1E4B8E38ECB7AF6EC590C14F1FC673FFBD975AF89CAE48B5FFC6276F5D557AF0B1DE56219E515DFCD37DF9CFDFCE73FCF56AC58912D5CB8B0F83EE1E28B2F2ECEBBC30EEBC6C72BDEEEDBB76F31B45D75D555C520F5B18F7DACF81E51A1E57F639E3C94DD74D34DC5CF9B8B4057DE2A11CB8AE056D97A99BEEB6CD5AA55C541F7C68F1F5FDC2147651CA12AE6ADFCBF3AA03629438DFE50E9BB8B8EC37150148320EEBCF3CE0DCE17AD3DBBEFBEFB7AE52E82D2E73FFFF9E21465E3C1071F2C06A3CA16AD289BA79E7AEABAC7626CA00D958908CA11F4E375F1FD47681E3CF8838BB6F2CF10F36C28D075625B473849E5E8C4B45E56A732342695A13B2ACB50E9B7E78ABEF0852FB4EA078AE5C7B65B12EF7BB5E004C9B265CB768B5690B614E7D0972E5DBADB16B83AE2B79D4E493BAF53060C18B02C1DFDFD25DDBF21059B09B7DC724BB39A46D2F28A83D2FDE52F7FC9CE3EFBECECFAEBAF2F5644711971650B41EEAF7FFD6B71E4DFF2B0B2B1601615515474D17294577251413574AA2F42525EB9C6F71FEF1D230947A5F7D65B6F15FFCE9B376FDDFCD1DA109FA33CE4C4FBC4C07979E51B2D49F97263871BE16DCE9C39C5D014EF118129E68F96AC685D38E594533A6305D96A65A8A9A21528CA5C78E28927D6ADF368918CF01B65200F2DF13D47B0B9E4924B8ADF6F84F06881CC5B09CBC5BC5FFFFAD7D72B13D1621ADF6FFC0C5394C9F23211CB8DC78BB5F0218714DF3F2F3BB9F87C31C5014017B6551EA2060E1CB82295A127D3FDEBA20CA56D7C483ED36EBBB5EE2E74D75D772DBF3B448B1394AC5EBDBA269A65DB525C01525B5BBB6D3AAABA7C4B5D2FE9C86E9BB4E38A66F1E32390A4CF3A6DFEFCF9CD5A66544E79EB51542211A4F25319711A2D9EAF0C129B1B2CA255295AABA2B20B11722234C5D17BB436C5ED68598AA9BC7521444B57549E9FFCE4273FD4E2948B00F7F7BFFF7DBD16A5F86C79EB423C1E2D52E5F38F1B37AE18E6E2F44C04A768C988F70FD1BF26425E04CAA68A75D8D5CA5053C4FACF03CBA1871EBA2E3445D98816CDF203A7083B679E7966F176B45846308A56A3F2D6CA8D958968518D001EA20534BEE75C7E9010652DFF3CD19A356BD6AC62B87EE185178AAFAD3C5DDD5A629B8B9F1CD992CB50ACD25486A2E9F8E8D269EDFAFC89D6DE6F572C7F07C1094AD2CE73AB7C27D656E2FD0A854274AAFA49075A55BBC54EFD84134E68D28B239C4447D8830E3AA81862A2F2F8FDEF7FBFDE3A694E7F9FA8A06299D1193B2ABA0829114CF296A7F8F1E5A8FCA2252882535452798B503C1E7FA3EF49798B53DE1725173FC9D0AF5FBF752D0C11C8CA6F57EEC8A355298E5A232C9D71C619C5D33D717A2E5ADBA225224EDD352738953E5F9729434D15A1A47C3D4760BAFFFEFBD79DCA2D17C12A0245B4524530BDE5965BB2D75F7F3D3BF6D8638BE5295A0D2300E521686365228277659988301D2D55B1CC0859513E62FE68D50A79B06E0B7FFBDBDFB289132776B43254557E00DA9A626882F2DDB6E0041FB468AC4A1576CFB60C4F1110D2D1785D3A92FACF36FE7737670759489FAB903E5FF78AD68369FBEDB75F93DBC6BFF18D6F14C34CFCEFD15213FD9AA2428B53285169E447E11168A2826ACAD16184A7F3CF3FBF78EA235A12A2E36EDEAF24961D47F7175E786171FEFC3DA2828C8A2BE68DCA305A0EF216A7862E1878E69967D6DD8EF789101822785504F262851AEF1FA75DA2E28E6546C7F86875CBFBC744AB44DE8FAAB1A2852C557C3FED2A65A8A9A255B37CFB8E16A2EF7DEF7BF1BB94EBCD17DF55B4FEC4E9B908BA77DF7D77F17BFDCE77BE937DF39BDF2C96AF08BF5186CB4F316FA84C4C9B366DBDE547EB554C11E6A37C565ED1D79472DF1C5FFEF2978BEB660B2D43C57294555C0896CA5094ADE263CB962D6BD5F0143F085CBEDB169CA0A4478F1E8B162F5E3C3069B3F78C0D3EBDEF92B483BDBC2DFFD71123466C708795764675A58AAE3AFDAD4EF717A7BF8F4707CD14721E8BFE29A902A96FCEFB470B497E1A2276D8D1DFA95C849608134DA9402294C5D17C8495A8E4F2BE4BD172142D3BD1E2949FA6A9945FDD56D9A93B0F5DE5A70BA3C52C96951FB1E7B7A3D377656B5354BE11E4F25341516147A5195354DCCD094D215E3B7AF4E82E55861A235A38635DBFF3CE3BC5FBD19F294EADC5A9BB86CA583C1E53F4318AEF2F5A05F3ABF22240459FB7F2D3B19B2A13952D9611D2A32CC53C9BFADC6DD17D205A5AA305EDA28B2EDA92CAD09A545EF223960F95A1B49DBE9C1EDF235F4FAD199CF2A1224A16084E901FD2140ACFA78AF5A8149CDA6C3C82993367C691D38BEDFDAFA79D526DFA1C3D4B4772B14DC5B5F78FA5E9AEDEBD7B3F9E2ABAC52DF986952D3879208996A7A8ACA2D5275AA29A223A5A47608A6546E089536279A7DC86C47B45D08A969FBCB529EE47CB447EAA2EC274EC3CF3FE2DF1D962B979BFA6A84CF3DB51E1968BFE5679288A50167D6AE2D4503C16231D9F74D249595BF7ADEB0C65A831F22BD922D844B0FEDAD7BE566C51CA834DA5BC552ABEA7F8DEE3FB8F7E78210257F9EF98E53656263E54696DA0FF5E0C859187BB10FD8E3614F23BA9D5D9DA0EE15929346DB00CA5D0F5521E9CA245AFA507BF2C17075C655E129CA024556A635F78E185830F3CF0C0EDDBEA3D274D9AB438858571EDFCAF57972ABCD849DD9BA68753C5F1506B5FF9949FC688FE45794515954F5CFA1B154EF44FDA94982F824AF9184ED16F28FACFC472E228BAA116850830D1BF249E8BBE4E5129965FC59707ADFC545DCC1FA7F7F2E0149D8163CA95F767A91C52200F45F9955471AA32825904C4F8ACD1E216E12996D19C56A7AE58861AB16D17CB4A9C2A8D0015FDDF627D4728DAD8A9F9785DF4358AB218DF5F7C3F11662A8723686C9988B2541996E33475B4B2C61562791FBF08D95D2C386DB5B9652805F52753992B8EA914DB7B5C9DD85AF24EFE254F0A4EF0C151DF0313274EBC223A79B6D52098CF3CF34CA1B4936817D1FC9DFE4CA8AEAEFE43E932F1366915880A283FDA8F0EB8310061F97395571345BFA0862AB868CD895360D192908BABE8F2CBC0A3928C809277388FE0131568DC8E8A30825379AB43049A38FACF5B00A2A5229F3F2AD998BFA1ABFB36E78ABF0877D1A21553FC3F79E7DFA840A3628DCA34FABB7434ED55861A23026A84A5F89EE274693E906A948BE8AF1401B9FCAAB7F8AEE27B8F56A9B84A33BEA3F8DE22D844DFBBCD1949BCE2F4CE7AA21CC6984FF9409CF93851D1DA19CFE5174BB4F5F0281DA90CC5FE3AEDABE34BEB1EDBCEBBEFBEDB2A8360C6F71861B9CCBD9D619D57A9F26929DFFAD6B7FE7ADE79E7EDBBFFFEFB6FDB06AD4DCBD38EF895DB6FBFFDC0B6FE3FE337A2D2D1DAF4B493BAB729AD02E3C78FAF6F8DC11AF3A3FA8E2682D5A62E2A88CA38EF9CDED2A2221F366C589532B4E175BFB1705BF9FD45988FFB956531E68B656D4E19DD5499D8D206B7EC8865E8E4934F1E9FFFC86FFCA6DCC891235BFC338E1E3D3AFBF39FFF9CDF7D3ADDFFB2162728938E60FEFB77BFFBDDF5FBEEBBEFB6ADDDEA74E38D372E49EFF7ABF6F83FD3C6BF458EAAD7514F556D4E182A6FC9EA0CB6D432B4A175DF98EFAFA1B19A36F77BDEDC79BBE088E0AD5186FE4F9A8AC12906948D20DE927D9DA20FEA430F3DB4EE7E0A7937749675EFB7EA683177DE79E7034B972E9D7AEFBDF7CE68CDF779E08107662D5AB468C6ECD9B3475BEB004DDB5FA73F134A07BDD92F7FF9CBE295CA2D21862088AB5F63B9254F77A6FDB5E0448BAAAFAFFFF6830F3EB8F5D4A95397B7C6F2A74F9FFE5E0A667138FADDF6FCFD2E804E207E24BD3844405C9178CD35D7343B3C45688A10162D4E25CBABAAAACEE84CFB6BC18916357AF4E8E9757575E75E79E5952BE6CD9BB7AA25971DCBBBFCF2CB97170A85F3D3D1D2146B1BA079FBEB74B01B97C416434D74E28F8B4BCA424FA3C4EBE2F52FBFFCF2BAC752683ABBB3EDAF05275ADC5D77DD357AD5AA55175F78E1858BA64C99B2B02596F9E69B6F2E8CE5AD5CB9F2DAB411DE6E2D03B4CCFE3AFD39230F4FD1F2143FCE7CC71D776CF4EAC672315F74048FD79587AE14CA2EE98CFB6B3DEC68AD23995B860F1FBEF2673FFBD9AF8E3CF2C897468E1C39A4A91DC6D386FD7FC78C1933B050285C926EDF62ED02B4FCFE3ADDBCBEAAAAAA26FA2645C7EEE8341EC38AC4B86E3146560C2D11A38CC7E9B8084B31B8650C3111430E54FC466674D538B7B3EEAF05275AF54866C48811CF3EF6D863373DF1C4136F9C75D6592B0F3AE8A04F6FEEEB9F7BEEB9D76EB8E186DA152B562C4D1BF3F0B4713B3D07D08AFBEBB4AFBD291FA620025484A28AB19836E5E9E8D3D499BB53084EB4F691CCF4F46758DA204FBCEEBAEBCEFAF5AF7FBDDD1E7BEC31E390430EE9B5E79E7B7EA47FFFFE35BD7AF5DA3A1DADAC4847308BDE7CF3CD779F7AEAA9A5AFBEFAEAA0D5AB57CF4BAFFDDD9C39736ED7111CA0EDF6D729FC9C9502D4D046E484A7BBCAFE5A70A2AD36C81831F6DE912347EE3C75EAD413A74C9912C33C6F97A6FCFC5DFEF7AD6CEDB0FCF796366200DA697F5D28144E4C012AF6D7FBA5297EC53DAE6A8EF3727135DE4B5D717F2D38D1A6EEB8E38E59E9CF2F4B1300F6D71D8AABEA0080E6E8D595FE59C10900C803D0C5158F5D9EA6C19B78DD8834FD47C5639DF68C96E0447BFA76C5914A6C685754CC73739A76B0AA005ADD97D234AB81C7F32BE4F21FC48C1F571F5A36ED557A2EBF1FFBF6519D7525E9E3446BAA296D60D191F0A234FD57E9F1FCF6F4D23C734A8FC751CD928AD72F284D00B4AE3DD2F4DB349D98A618FD32AE8E1B540A4335A579E237EE9E2DDDCF47C8DCB5B43F9F503AD07D3E5B3B9693E0048D141BD563A5DBFFABB45155DECE1D9FA67F4BD3DBD9DAA6E118CD369A7FFFBB7424131BF2BD9D7963046847434B07B1FB9502D4D5A5E034B481FD75BECF8EF01457D6ED5516ACBE96A6A969EAB4BFF0E0541DED2D6FFA8D80152D4B3F4F53FF340D4953CFD2067C64B6F632D86BAD2E805631B0147E86974253EC7B0F2B0B55D1F7A9B2DBC44BA55035B5ECF61B59C3A7FB3A0D2D4EB4F6114CF94639B4E27684A30169BA245B7B3A6F45E908A7A6B4E145FFA768617AB6F4FCF1562940AB8856FEE8E0FD9FA56C10FBE0D7D3F4785948AAFCF1BA234A012BCE22443FA85DD3F4C5D2FE5A708226985076BBA15375E5CFEF570A487D4B1B678C421B1D15A7676BFB490D29DB80016859234A4128F6BF734A07AEB1DF7DBEF4FC77D3746E59789A9CAD3D53F0BDD2632F9482D6435927EF522138D11676CE36DD74DBAB74B412D37DA5C7E2BCF955A5DB433BFB510C403B8AC013FD48EB4AFBECCF9442D384B27D70798B533C775869BF7C5FE92037E689D3790F74E615A58F136DE1AC34DDB08979A285697469DE7FDF40A8F77B7500AD23424FF4633AB11486621A927D30C4C0808AF92334D5941DDC869F9702D7A3D907FDA33A1D2D4EB4B638DDF6CFECC32D4EDD1B0842DF4AD3E9D9DA6109762E6D94434BCF0DB22A015A4D9C7A7B3CFBA065BFAE74409B9FAAFB4C45C89A52B15F5F59169EA27BC5B3821334DE7EA58DE9A18AC717671F8CD1547EF412E7CBA79736E0ACF4FC84D2ED5D33431100B496E915F79FAEB8FFABB2DB132A9EBBBDE240F8D9CEBCA204275AD3F31B78FCFC061E6BA8E3F71965B76FB13A01B6485DAA1B853E4E000082136C99AAAAAA6A0B858215B105287D0F056588AE5686109CA0E36C74D5D593962D5B66456C01962F5F1EDFC72BCA105DAD0C21384187B166CD9AC7162E5C38D79A687F8B162D5A502814C62A4374B53284E0041D467D7DFD7D73E6CCE99EFE5A19EDEC9D77DEA9CD3E18705519A2CB94210427E8300E3FFCF097EAEAEA9E7BEBADB7665A1BED27ADFFB76A6B6B5F1D366CD8B3CA105DAD0C21384187522814CE4FFBDCDE4B962C596C6DB4BDE5CB97BF3763C68C3EE97BF8813244572D43344D37AB00DADEEDB7DFBEE0B4D34E9B387FFEFCA3FAF5EB57D7AB57AF3ED64A9B55788B264D9AB4B4BEBEFE8CC30F3FFC696588AE5A86109CA043B9F5D65BA79D7AEAA92FCF9933E7A4DADADAE7B7DB6EBB41555555564C2B9A366DDA3FA64E9D1AA3D69F79D861873DA40CD1D5CB108D670B83763676ECD8C1D5D5D5D7A6E9B3FDFBF77FE5231FF9C88EA9028CC77A593BCD532814562E5DBAF4D5B973E72E5CB060C127D6AC59333D4E711D71C41193952194210427E8C0C68D1B37A4AAAAEA846CED0F68C6EFFCA9F49A2F7E0AE2A56CED6F6BDDD7D93BF12A43CA10000000000000000000000000000000000000000000000000000000000000000000000000000000000000000000000000000000000000000000000000000000000000000000000000000000000000000000000000000000000000000000000000000000000000000000000000000000009DC8FF07188C671913EE4F0F0000000049454E44AE426082, NULL);
INSERT INTO `act_ge_bytearray` VALUES ('1dee0f76-34bc-11ed-bd8b-283a4d3b4979', 1, '借款申请流程.Loan.png', '1dee0f75-34bc-11ed-bd8b-283a4d3b4979', 0x89504E470D0A1A0A0000000D494844520000024E00000142080600000007735213000000206348524D00007A26000080840000FA00000080E8000075300000EA6000003A98000017709CBA513C0000000467414D410000B18E7CFB5193000000017352474200AECE1CE900000006624B474400FF00FF00FFA0BDA793000000097048597300000EC400000EC401952B0E1B00001D6D4944415478DAEDDD09901D55BD3FF09E4942160219089888489045228AA61064712122617BC043011388F0177D8094408984020A54145FC12BA1F0FDF12F022AC82261130C6B12C48028284BC89FC03FE1414848203BD921C94CEEFCCFEFE676B8B94C96D933339F4F55D7DCA56FDF3B7D4FF7F9F6E9D3E7661900000000000000000000000000000000000000000000000000000000000000000000000000000000000000000000000000000000000000000000000000000000000000000000000000000000000000000000000000000000000000000000000000000000000000000000000000000000000000000000000000000000000000000000000000000000000000000000000000000000000000000000000000000000000000000000000000000000000000000000000000000000000000000000000000000000000000000000000000000000000000000000000000000000000000000000000000000000000000000000000000000000000000000000000000000000000000000000000000000000000000000000000000000000000000000000000000000000000000000000000000000000000000000000000000000000000000000000000000000000000000000000000000000000000000000000000000000000000000000000000000000000000000000000000000000000000000000000000000000000000000000000000000000000000000000000000000000000000000000000000000000000000000000000000000000000000000A1CA2A802DC3E4C9934F5CBD7AF5D9AB56ADFAFC7BEFBDD7AF50285829CDDDC1555565BD7BF75E96A6977BF4E8F19B7DF6D9E73665086508C1093AB0175F7CF1A0952B578E5EB366CDC7070E1C58D5AF5FBF6C9B6DB6C9AAABABAD9C668AE0B07CF9F26CE9D2A5D9DCB973E3A159A9F23B75FFFDF79FA00CA10C213841073371E2C4FF58B264C90DBBECB24BF54E3BED543CBAA5F5BCF3CE3BD98C19330A353535A3860C1972AD328432446375B30AA0FD2ABC7424FB9BBDF7DEBBDB8E3BEEA8C26B03D10AB3FDF6DB57CD9A356BD839E79CB3F0C61B6F7C4E19A22B97210427E810C68E1D3BB8AEAEEEA154E175DF76DB6D3FF47C7D7D217B77C6DFB2D9AFDC97CD7BEDE16CF1DBCF67F585DAAC77BF9D53E5E8F44B736CB5D556594D4D4DD5CC9933879D76DA6963FEF0873FCC5586E88A6588A6B1F5403BE8D3A7CF3DBBECB24B8F862ABC3077CA986CFEEBE3B2DAF7DF2DDEAF5BB5349BFFC6E3D99CFFF78095D702B6DE7AEB6CD0A0413D92BB9421BA6A194270820E61DCB87143EAEBEB3F19FD511A1215DD92775E6CF0B925B35FCA562E9B6D25B68058FFD5D5D59F183F7EFC81CA105DAD0C21384187D1B367CFEF7EF4A31FDD6A43FD51DE5F32AB789A6543562D7756A0A50C1C3870ABF47D7C4719A2AB95210427E830526577445C2EBE21F585BA8D2FA0DED83C2D254E73D5D7D70F5386E86A6508C1093A8CD5AB577F22AECCA1FDF5EDDB37BE8F5D9421BA5A194270820E231D9D763730E116B2035CFB3D542B4374B53284E0049D468FDEDB6DF4F9EE3DB534A00C81E00414F5AE1994F5DD61AF069FEBB3FDEEC5E7411902C109C8B2E2E08403061FDBE0731FDDFBEB5975B7ADAC249421109C80DC9AD52B1A7CBC6ED5322B076508042720F7EE8CA7B399136F69F0B9992FDE9C2D9CFE9495843204EDA4BB55005B86DA958BB3B9531ECC962F98BAC1790A6B56177F4663C5C2FFC9060E3E2EDB6AEB1DAD389421109CA06B5934EB5FD98237C6676B6ADFDFACF9DF5BF46636FD5FD7673BEC7668B6DD2E07FBD1569421109CA06B88D32AF3FEE7B146BF2E5A0EE275F1D31AFD77FD8A15A90C2943D0061C62403B8BCAAB3936F9F31A2843CA10B4182D4ED0CEE254494CA00CC1964F8B130080E0040020380100084E00005B329DC36953E3C68DFBDAB469D3CE993F7FFE81F3E6CDEBBF74E9D2EEAB56ADAAEAD1A347B6EDB6DBD60D183060D1F6DB6FFFDCDE7BEFFDBF0F3DF4D0B1D61840FB183972E4CE757575C75755551D92EE0E49D3C034F54DD3CA34CDA9AFAF7F293DF7F76EDDBA8DBEE38E3B66094ED082AEB9E69A518B172FBEF491471EA9F9D4A73E950D1B362CFBF8C73F9EA59094F5EAD52B5BB97265B66CD9B2EE3367CEDC71F2E4C9478F1933E6E84B2FBD74590A53BFBCE8A28B7E6C0D02B48D934F3EF9F8F4E7FB6BD6ACF9720A463D1B98A5579A764DCFED9AFE1E9FE6FBC588112326A4FBBFBBF3CE3B6F179CA0197EF18B5F7CF6DD77DF7D74F6ECD91F4D1B63D5E73EF7B92C1D9D7C782B4CE129A61D77DC31DB77DF7DB3D34E3B2D9B3469D23677DF7DF78F468D1A75F6C081038F4E7F9FB346015A470A3F1184AEAFAFAF3FB2092F1F9A5E37342DE3AC14A44EBFE79E7B5E179CA0F1A1E927AFBFFEFA8F8F39E698EAA38E3AAAC1C0B43111B2621A3B76EC0EF7DF7FFFB3575F7DF555293C5D6ACD02B4ACE1C3878F487FAE4BD30EF963B1CFFECC673E931D70C001D91E7BEC91D5D4D464DB6CB34DF6DE7BEF658B172FCEA64F9F9EFDEB5FFFCA5E7CF1C5ACB6B6367FD997D2EB26A603E5B33B6BEB93E044ABF8CD6F7E73D9E4C9937F72C1051754EDB9E79ECD5AD611471C910D1E3CB83A05A74BAEB9E69A6DD232CFB386015A2C341D535555755B9E092230C5C1EEE1871F5E3C0B50A94F9F3EC569A79D76CA0E3EF8E062887AF8E187B3471F7D345BB3664DCCD2B7BEBEFEB6149E7AA5F0F4DBCEB6BE5C55478BFBD18F7EF4C3149A7EFAE31FFFB8D9A1293768D0A02C96F7E69B6F7EFFF2CB2FBFD85A066891D0342285A6FBF3D01461E8CA2BAF8C8EE10D86A686444B54CC1FAF8BBEABB9149E6E4AE1E95B82136CC499679EB9FB9C3973AE3AEFBCF3AA3777A3DB5CB1BC51A34655BFFDF6DB3FFBE10F7FF8396B1BA0E9A24F530A4DD7E5A169AFBDF6CAD281E97AE1A731E275F1FA7DF6D9A73C3C5D9FC2D360C10936A04F9F3E8F1E77DC713D5AAAA5A952B43C9D70C2093D6A6B6BFF6C6D03345D0A4D3765A53E4DD1D274C1051714FB3035B30EC87EF0831F9487AF386D7793E0040D38F7DC734776EBD66DB7E893D49A62F9BD7AF5DA39BDDFD9D63A40E3C5900329D01C16B7A34F53849DE686A6F2F094F6CFE517047DA9339DB2139C68313D7AF4F8E929A79CD22D06B36C6DA79E7A6AB7EAEAEA4BDAE3FF1C3162C465B1D3193A74A88B2B5086E8A865E8FBF98DE808DED4D3731B12CB3BE69863D6DD4F21ED2CC109CAC408B3EFBFFFFEC763F880B610E7D00B85C2C0D2B8236DED8AB413B87FC080014BD2FBDF95765E479E74D2497DDBF203CC9831237BEAA9A7367BFE98F7EDB7DFDEECF91F79E4916CF9F2E50DBEEFC6D4D5D56DD663B9575E79251B3366CC263FCFA851A3D6BB1FAF9934695247DE64DABD0C6DAE2807E5DFE11B6FBCB1DEF3D75E7BED871ECBDD7AEBAD8D2AA79B5B26E6CE9D1BC39DAC2B93715557FED96230DD2E222F434B870F1FFE4063CA50ECAF63CCA5B89D5F41D71A8E3CF2C8ACEC40FA4BEDB4BF169CD832D5D4D49CB6EFBEFB766FEC584DCD71C00107F4D86EBBED4E6FAFFFB9AAAAAA4FFAF3CDB4037A34FDDFB3D38EEBCED8797DFBDBDFEED5DAEF1D7DBDA2E2884A2D0F33975D7659B1928AD0131D34CBEDBDF7DED957BFFAD57521AA7C8A26F5F28A319679DD75D7156F473889E5C57C5199C50E76C18205EBE68DE7F3E55C71C515C579E2CA9AFC7EFC3DFDF4D3D70B6153A74E5D77FBD39FFE7476CF3DF76C329C2D59B264BDFB5FF9CA57B23BEFBCB3783B026147AD2CDBB30C3526A44719C9BFE773CE3967BDE75F7DF5D5AC7BF7861B3D7EFBDBDF6653A64C2906A898A2FC4430AAD4D832D1BF7FFFECB5D75E2BDE7EF2C927B33FFDE94FC5DB7FFCE31FB37FFCE31F5D6ADF9BCA50EF34FD7BA90CCD49E1E49E4D95A1F81995ACD4213C0E76E3171C5AA95E280E685CE6C4CEB0CE3513D33205A97BF763F7D9679F360DE2F1D32DFFFCE73FFF2DDDFCC916B00AA203640C20372255E2ABD2CEEBBEB433BB67F6ECD90F4D9830A1AEA5DE248EB4A392D87AEBADB3A38F3E3ABBEDB6DB8AA1E4B8E38ECB7AF6EC590C14F1FC673FFBD975AF89CAE48B5FFC6276F5D557AF0B1DE56219E515DFCD37DF9CFDFCE73FCF56AC58912D5CB8B0F83EE1E28B2F2ECEBBC30EEBC6C72BDEEEDBB76F31B45D75D555C520F5B18F7DACF81E51A1E57F639E3C94DD74D34DC5CF9B8B4057DE2A11CB8AE056D97A99BEEB6CD5AA55C541F7C68F1F5FDC2147651CA12AE6ADFCBF3AA03629438DFE50E9BB8B8EC37150148320EEBCF3CE0DCE17AD3DBBEFBEFB7AE52E82D2E73FFFF9E21465E3C1071F2C06A3CA16AD289BA79E7AEABAC7626CA00D958908CA11F4E375F1FD47681E3CF8838BB6F2CF10F36C28D075625B473849E5E8C4B45E56A732342695A13B2ACB50E9B7E78ABEF0852FB4EA078AE5C7B65B12EF7BB5E004C9B265CB768B5690B614E7D0972E5DBADB16B83AE2B79D4E493BAF53060C18B02C1DFDFD25DDBF21059B09B7DC724BB39A46D2F28A83D2FDE52F7FC9CE3EFBECECFAEBAF2F5644711971650B41EEAF7FFD6B71E4DFF2B0B2B1601615515474D17294577251413574AA2F42525EB9C6F71FEF1D230947A5F7D65B6F15FFCE9B376FDDFCD1DA109FA33CE4C4FBC4C07979E51B2D49F97263871BE16DCE9C39C5D014EF118129E68F96AC685D38E594533A6305D96A65A8A9A21528CA5C78E28927D6ADF368918CF01B65200F2DF13D47B0B9E4924B8ADF6F84F06881CC5B09CBC5BC5FFFFAD7D72B13D1621ADF6FFC0C5394C9F23211CB8DC78BB5F0218714DF3F2F3BB9F87C31C5014017B6551EA2060E1CB82295A127D3FDEBA20CA56D7C483ED36EBBB5EE2E74D75D772DBF3B448B1394AC5EBDBA269A65DB525C01525B5BBB6D3AAABA7C4B5D2FE9C86E9BB4E38A66F1E32390A4CF3A6DFEFCF9CD5A66544E79EB51542211A4F25319711A2D9EAF0C129B1B2CA255295AABA2B20B11722234C5D17BB436C5ED68598AA9BC7521444B57549E9FFCE4273FD4E2948B00F7F7BFFF7DBD16A5F86C79EB423C1E2D52E5F38F1B37AE18E6E2F44C04A768C988F70FD1BF26425E04CAA68A75D8D5CA5053C4FACF03CBA1871EBA2E3445D98816CDF203A7083B679E7966F176B45846308A56A3F2D6CA8D958968518D001EA20534BEE75C7E9010652DFF3CD19A356BD6AC62B87EE185178AAFAD3C5DDD5A629B8B9F1CD992CB50ACD25486A2E9F8E8D269EDFAFC89D6DE6F572C7F07C1094AD2CE73AB7C27D656E2FD0A854274AAFA49075A55BBC54EFD84134E68D28B239C4447D8830E3AA81862A2F2F8FDEF7FBFDE3A694E7F9FA8A06299D1193B2ABA0829114CF296A7F8F1E5A8FCA2252882535452798B503C1E7FA3EF49798B53DE1725173FC9D0AF5FBF752D0C11C8CA6F57EEC8A355298E5A232C9D71C619C5D33D717A2E5ADBA225224EDD352738953E5F9729434D15A1A47C3D4760BAFFFEFBD79DCA2D17C12A0245B4524530BDE5965BB2D75F7F3D3BF6D8638BE5295A0D2300E521686365228277659988301D2D55B1CC0859513E62FE68D50A79B06E0B7FFBDBDFB289132776B43254557E00DA9A626882F2DDB6E0041FB468AC4A1576CFB60C4F1110D2D1785D3A92FACF36FE7737670759489FAB903E5FF78AD68369FBEDB75F93DBC6BFF18D6F14C34CFCEFD15213FD9AA2428B53285169E447E11168A2826ACAD16184A7F3CF3FBF78EA235A12A2E36EDEAF24961D47F7175E786171FEFC3DA2828C8A2BE68DCA305A0EF216A7862E1878E69967D6DD8EF789101822785504F262851AEF1FA75DA2E28E6546C7F86875CBFBC744AB44DE8FAAB1A2852C557C3FED2A65A8A9A255B37CFB8E16A2EF7DEF7BF1BB94EBCD17DF55B4FEC4E9B908BA77DF7D77F17BFDCE77BE937DF39BDF2C96AF08BF5186CB4F316FA84C4C9B366DBDE547EB554C11E6A37C565ED1D79472DF1C5FFEF2978BEB660B2D43C57294555C0896CA5094ADE263CB962D6BD5F0143F085CBEDB169CA0A4478F1E8B162F5E3C3069B3F78C0D3EBDEF92B483BDBC2DFFD71123466C708795764675A58AAE3AFDAD4EF717A7BF8F4707CD14721E8BFE29A902A96FCEFB470B497E1A2276D8D1DFA95C849608134DA9402294C5D17C8495A8E4F2BE4BD172142D3BD1E2949FA6A9945FDD56D9A93B0F5DE5A70BA3C52C96951FB1E7B7A3D377656B5354BE11E4F25341516147A5195354DCCD094D215E3B7AF4E82E55861A235A38635DBFF3CE3BC5FBD19F294EADC5A9BB86CA583C1E53F4318AEF2F5A05F3ABF22240459FB7F2D3B19B2A13952D9611D2A32CC53C9BFADC6DD17D205A5AA305EDA28B2EDA92CAD09A545EF223960F95A1B49DBE9C1EDF235F4FAD199CF2A1224A16084E901FD2140ACFA78AF5A8149CDA6C3C82993367C691D38BEDFDAFA79D526DFA1C3D4B4772B14DC5B5F78FA5E9AEDEBD7B3F9E2ABAC52DF986952D3879208996A7A8ACA2D5275AA29A223A5A47608A6546E089536279A7DC86C47B45D08A969FBCB529EE47CB447EAA2EC274EC3CF3FE2DF1D962B979BFA6A84CF3DB51E1968BFE5679288A50167D6AE2D4503C16231D9F74D249595BF7ADEB0C65A831F22BD922D844B0FEDAD7BE566C51CA834DA5BC552ABEA7F8DEE3FB8F7E78210257F9EF98E53656263E54696DA0FF5E0C859187BB10FD8E3614F23BA9D5D9DA0EE15929346DB00CA5D0F5521E9CA245AFA507BF2C17075C655E129CA024556A635F78E185830F3CF0C0EDDBEA3D274D9AB438858571EDFCAF57972ABCD849DD9BA68753C5F1506B5FF9949FC688FE45794515954F5CFA1B154EF44FDA94982F824AF9184ED16F28FACFC472E228BAA116850830D1BF249E8BBE4E5129965FC59707ADFC545DCC1FA7F7F2E0149D8163CA95F767A91C52200F45F9955471AA32825904C4F8ACD1E216E12996D19C56A7AE58861AB16D17CB4A9C2A8D0015FDDF627D4728DAD8A9F9785DF4358AB218DF5F7C3F11662A8723686C9988B2541996E33475B4B2C61562791FBF08D95D2C386DB5B9652805F52753992B8EA914DB7B5C9DD85AF24EFE254F0A4EF0C151DF0313274EBC223A79B6D52098CF3CF34CA1B4936817D1FC9DFE4CA8AEAEFE43E932F1366915880A283FDA8F0EB8310061F97395571345BFA0862AB868CD895360D192908BABE8F2CBC0A3928C809277388FE0131568DC8E8A30825379AB43049A38FACF5B00A2A5229F3F2AD998BFA1ABFB36E78ABF0877D1A21553FC3F79E7DFA840A3628DCA34FABB7434ED55861A23026A84A5F89EE274693E906A948BE8AF1401B9FCAAB7F8AEE27B8F56A9B84A33BEA3F8DE22D844DFBBCD1949BCE2F4CE7AA21CC6984FF9409CF93851D1DA19CFE5174BB4F5F0281DA90CC5FE3AEDABE34BEB1EDBCEBBEFBEDB2A8360C6F71861B9CCBD9D619D57A9F26929DFFAD6B7FE7ADE79E7EDBBFFFEFB6FDB06AD4DCBD38EF895DB6FBFFDC0B6FE3FE337A2D2D1DAF4B493BAB729AD02E3C78FAF6F8DC11AF3A3FA8E2682D5A62E2A88CA38EF9CDED2A2221F366C589532B4E175BFB1705BF9FD45988FFB956531E68B656D4E19DD5499D8D206B7EC8865E8E4934F1E9FFFC86FFCA6DCC891235BFC338E1E3D3AFBF39FFF9CDF7D3ADDFFB2162728938E60FEFB77BFFBDDF5FBEEBBEFB6ADDDEA74E38D372E49EFF7ABF6F83FD3C6BF458EAAD7514F556D4E182A6FC9EA0CB6D432B4A175DF98EFAFA1B19A36F77BDEDC79BBE088E0AD5186FE4F9A8AC12906948D20DE927D9DA20FEA430F3DB4EE7E0A7937749675EFB7EA683177DE79E7034B972E9D7AEFBDF7CE68CDF779E08107662D5AB468C6ECD9B3475BEB004DDB5FA73F134A07BDD92F7FF9CBE295CA2D21862088AB5F63B9254F77A6FDB5E0448BAAAFAFFFF6830F3EB8F5D4A95397B7C6F2A74F9FFE5E0A667138FADDF6FCFD2E804E207E24BD3844405C9178CD35D7343B3C45688A10162D4E25CBABAAAACEE84CFB6BC18916357AF4E8E9757575E75E79E5952BE6CD9BB7AA25971DCBBBFCF2CB97170A85F3D3D1D2146B1BA079FBEB74B01B97C416434D74E28F8B4BCA424FA3C4EBE2F52FBFFCF2BAC752683ABBB3EDAF05275ADC5D77DD357AD5AA55175F78E1858BA64C99B2B02596F9E69B6F2E8CE5AD5CB9F2DAB411DE6E2D03B4CCFE3AFD39230F4FD1F2143FCE7CC71D776CF4EAC672315F74048FD79587AE14CA2EE98CFB6B3DEC68AD23995B860F1FBEF2673FFBD9AF8E3CF2C897468E1C39A4A91DC6D386FD7FC78C1933B050285C926EDF62ED02B4FCFE3ADDBCBEAAAAAA26FA2645C7EEE8341EC38AC4B86E3146560C2D11A38CC7E9B8084B31B8650C3111430E54FC466674D538B7B3EEAF05275AF54866C48811CF3EF6D863373DF1C4136F9C75D6592B0F3AE8A04F6FEEEB9F7BEEB9D76EB8E186DA152B562C4D1BF3F0B4713B3D07D08AFBEBB4AFBD291FA620025484A28AB19836E5E9E8D3D499BB53084EB4F691CCF4F46758DA204FBCEEBAEBCEFAF5AF7FBDDD1E7BEC31E390430EE9B5E79E7B7EA47FFFFE35BD7AF5DA3A1DADAC4847308BDE7CF3CD779F7AEAA9A5AFBEFAEAA0D5AB57CF4BAFFDDD9C39736ED7111CA0EDF6D729FC9C9502D4D046E484A7BBCAFE5A70A2AD36C81831F6DE912347EE3C75EAD413A74C9912C33C6F97A6FCFC5DFEF7AD6CEDB0FCF796366200DA697F5D28144E4C012AF6D7FBA5297EC53DAE6A8EF3727135DE4B5D717F2D38D1A6EEB8E38E59E9CF2F4B1300F6D71D8AABEA0080E6E8D595FE59C10900C803D0C5158F5D9EA6C19B78DD8834FD47C5639DF68C96E0447BFA76C5914A6C685754CC73739A76B0AA005ADD97D234AB81C7F32BE4F21FC48C1F571F5A36ED557A2EBF1FFBF6519D7525E9E3446BAA296D60D191F0A234FD57E9F1FCF6F4D23C734A8FC751CD928AD72F284D00B4AE3DD2F4DB349D98A618FD32AE8E1B540A4335A579E237EE9E2DDDCF47C8DCB5B43F9F503AD07D3E5B3B9693E0048D141BD563A5DBFFABB45155DECE1D9FA67F4BD3DBD9DAA6E118CD369A7FFFBB7424131BF2BD9D7963046847434B07B1FB9502D4D5A5E034B481FD75BECF8EF01457D6ED5516ACBE96A6A969EAB4BFF0E0541DED2D6FFA8D80152D4B3F4F53FF340D4953CFD2067C64B6F632D86BAD2E805631B0147E86974253EC7B0F2B0B55D1F7A9B2DBC44BA55035B5ECF61B59C3A7FB3A0D2D4EB4F6114CF94639B4E27684A30169BA245B7B3A6F45E908A7A6B4E145FFA768617AB6F4FCF1562940AB8856FEE8E0FD9FA56C10FBE0D7D3F4785948AAFCF1BA234A012BCE22443FA85DD3F4C5D2FE5A708226985076BBA15375E5CFEF570A487D4B1B678C421B1D15A7676BFB490D29DB80016859234A4128F6BF734A07AEB1DF7DBEF4FC77D3746E59789A9CAD3D53F0BDD2632F9482D6435927EF522138D11676CE36DD74DBAB74B412D37DA5C7E2BCF955A5DB433BFB510C403B8AC013FD48EB4AFBECCF9442D384B27D70798B533C775869BF7C5FE92037E689D3790F74E615A58F136DE1AC34DDB08979A285697469DE7FDF40A8F77B7500AD23424FF4633AB11486621A927D30C4C0808AF92334D5941DDC869F9702D7A3D907FDA33A1D2D4EB4B638DDF6CFECC32D4EDD1B0842DF4AD3E9D9DA6109762E6D94434BCF0DB22A015A4D9C7A7B3CFBA065BFAE74409B9FAAFB4C45C89A52B15F5F59169EA27BC5B3821334DE7EA58DE9A18AC717671F8CD1547EF412E7CBA79736E0ACF4FC84D2ED5D33431100B496E915F79FAEB8FFABB2DB132A9EBBBDE240F8D9CEBCA204275AD3F31B78FCFC061E6BA8E3F71965B76FB13A01B6485DAA1B853E4E000082136C99AAAAAA6A0B858215B105287D0F056588AE5686109CA0E36C74D5D593962D5B66456C01962F5F1EDFC72BCA105DAD0C21384187B166CD9AC7162E5C38D79A687F8B162D5A502814C62A4374B53284E0041D467D7DFD7D73E6CCE99EFE5A19EDEC9D77DEA9CD3E18705519A2CB94210427E8300E3FFCF097EAEAEA9E7BEBADB7665A1BED27ADFFB76A6B6B5F1D366CD8B3CA105DAD0C21384187522814CE4FFBDCDE4B962C596C6DB4BDE5CB97BF3763C68C3EE97BF8813244572D43344D37AB00DADEEDB7DFBEE0B4D34E9B387FFEFCA3FAF5EB57D7AB57AF3ED64A9B55788B264D9AB4B4BEBEFE8CC30F3FFC696588AE5A86109CA043B9F5D65BA79D7AEAA92FCF9933E7A4DADADAE7B7DB6EBB41555555564C2B9A366DDA3FA64E9D1AA3D69F79D861873DA40CD1D5CB108D670B83763676ECD8C1D5D5D5D7A6E9B3FDFBF77FE5231FF9C88EA9028CC77A593BCD532814562E5DBAF4D5B973E72E5CB060C127D6AC59333D4E711D71C41193952194210427E8C0C68D1B37A4AAAAEA846CED0F68C6EFFCA9F49A2F7E0AE2A56CED6F6BDDD7D93BF12A43CA10000000000000000000000000000000000000000000000000000000000000000000000000000000000000000000000000000000000000000000000000000000000000000000000000000000000000000000000000000000000000000000000000000000000000000000000000000000009DC8FF07188C671913EE4F0F0000000049454E44AE426082, 0);
INSERT INTO `act_ge_bytearray` VALUES ('1dee0f77-34bc-11ed-bd8b-283a4d3b4979', 1, '借款申请流程.bpmn20.xml', '1dee0f75-34bc-11ed-bd8b-283a4d3b4979', 0x3C3F786D6C2076657273696F6E3D22312E302220656E636F64696E673D225554462D38223F3E0A3C62706D6E323A646566696E6974696F6E7320786D6C6E733D22687474703A2F2F7777772E6F6D672E6F72672F737065632F42504D4E2F32303130303532342F4D4F44454C2220786D6C6E733A62706D6E323D22687474703A2F2F7777772E6F6D672E6F72672F737065632F42504D4E2F32303130303532342F4D4F44454C2220786D6C6E733A7873693D22687474703A2F2F7777772E77332E6F72672F323030312F584D4C536368656D612D696E7374616E63652220786D6C6E733A7873643D22687474703A2F2F7777772E77332E6F72672F323030312F584D4C536368656D612220786D6C6E733A61637469766974693D22687474703A2F2F61637469766974692E6F72672F62706D6E2220786D6C6E733A62706D6E64693D22687474703A2F2F7777772E6F6D672E6F72672F737065632F42504D4E2F32303130303532342F44492220786D6C6E733A6F6D6764633D22687474703A2F2F7777772E6F6D672E6F72672F737065632F44442F32303130303532342F44432220786D6C6E733A6F6D6764693D22687474703A2F2F7777772E6F6D672E6F72672F737065632F44442F32303130303532342F44492220747970654C616E67756167653D22687474703A2F2F7777772E77332E6F72672F323030312F584D4C536368656D61222065787072657373696F6E4C616E67756167653D22687474703A2F2F7777772E77332E6F72672F313939392F585061746822207461726765744E616D6573706163653D22687474703A2F2F7777772E61637469766974692E6F72672F70726F63657373646566223E0A20203C62706D6E323A70726F636573732069643D224C6F616E22206E616D653D22E5809FE6ACBEE6B581E7A88B2220697345786563757461626C653D2274727565223E0A202020203C62706D6E323A73746172744576656E742069643D227369642D37334330304634422D314345432D343131462D413344302D44384337334445413233373222206E616D653D22E5BC80E5A78B223E0A2020202020203C62706D6E323A6F7574676F696E673E7369642D33383443443737362D413243312D344236322D424141322D4537353946303338424546373C2F62706D6E323A6F7574676F696E673E0A202020203C2F62706D6E323A73746172744576656E743E0A202020203C62706D6E323A757365725461736B2069643D227369642D32443346323132432D333441312D344439302D384137342D31424237424341424134414622206E616D653D22E983A8E997A8E7BB8FE79086E5AEA1E6A0B8223E3C2F62706D6E323A757365725461736B3E0A202020203C62706D6E323A73657175656E6365466C6F772069643D227369642D33383443443737362D413243312D344236322D424141322D4537353946303338424546372220736F757263655265663D227369642D37334330304634422D314345432D343131462D413344302D44384337334445413233373222207461726765745265663D227369642D32443346323132432D333441312D344439302D384137342D314242374243414241344146223E3C2F62706D6E323A73657175656E6365466C6F773E0A202020203C62706D6E323A757365725461736B2069643D227369642D46423338364330422D453041362D344536412D383439422D35453136313441393936363522206E616D653D22E8B4A2E58AA1E5AEA1E689B9223E3C2F62706D6E323A757365725461736B3E0A202020203C62706D6E323A73657175656E6365466C6F772069643D227369642D35433837394341332D433937332D343930452D414139372D4641414646343931343341332220736F757263655265663D227369642D32443346323132432D333441312D344439302D384137342D31424237424341424134414622207461726765745265663D227369642D46423338364330422D453041362D344536412D383439422D354531363134413939363635223E3C2F62706D6E323A73657175656E6365466C6F773E0A202020203C62706D6E323A656E644576656E742069643D227369642D34333143443542432D323642422D343237452D424338412D34444343333433443642373922206E616D653D22E7BB93E69D9F223E0A2020202020203C62706D6E323A696E636F6D696E673E7369642D44424434414336452D314341342D344435462D394546412D3335343731443631444639353C2F62706D6E323A696E636F6D696E673E0A202020203C2F62706D6E323A656E644576656E743E0A202020203C62706D6E323A73657175656E6365466C6F772069643D227369642D44424434414336452D314341342D344435462D394546412D3335343731443631444639352220736F757263655265663D227369642D46423338364330422D453041362D344536412D383439422D35453136313441393936363522207461726765745265663D227369642D34333143443542432D323642422D343237452D424338412D344443433334334436423739223E3C2F62706D6E323A73657175656E6365466C6F773E0A20203C2F62706D6E323A70726F636573733E0A20203C62706D6E64693A42504D4E4469616772616D2069643D2242504D4E4469616772616D5F4C6F616E223E0A202020203C62706D6E64693A42504D4E506C616E652062706D6E456C656D656E743D224C6F616E222069643D2242504D4E506C616E655F4C6F616E223E0A2020202020203C62706D6E64693A42504D4E53686170652062706D6E456C656D656E743D227369642D37334330304634422D314345432D343131462D413344302D443843373344454132333732222069643D2242504D4E53686170655F7369642D37334330304634422D314345432D343131462D413344302D443843373344454132333732223E0A20202020202020203C6F6D6764633A426F756E6473206865696768743D2233302E30222077696474683D2233302E302220783D223134362E352220793D223231372E30223E3C2F6F6D6764633A426F756E64733E0A2020202020203C2F62706D6E64693A42504D4E53686170653E0A2020202020203C62706D6E64693A42504D4E53686170652062706D6E456C656D656E743D227369642D32443346323132432D333441312D344439302D384137342D314242374243414241344146222069643D2242504D4E53686170655F7369642D32443346323132432D333441312D344439302D384137342D314242374243414241344146223E0A20202020202020203C6F6D6764633A426F756E6473206865696768743D2238302E30222077696474683D223130302E302220783D223232312E352220793D223139322E30223E3C2F6F6D6764633A426F756E64733E0A2020202020203C2F62706D6E64693A42504D4E53686170653E0A2020202020203C62706D6E64693A42504D4E53686170652062706D6E456C656D656E743D227369642D46423338364330422D453041362D344536412D383439422D354531363134413939363635222069643D2242504D4E53686170655F7369642D46423338364330422D453041362D344536412D383439422D354531363134413939363635223E0A20202020202020203C6F6D6764633A426F756E6473206865696768743D2238302E30222077696474683D223130302E302220783D223336362E352220793D223139322E30223E3C2F6F6D6764633A426F756E64733E0A2020202020203C2F62706D6E64693A42504D4E53686170653E0A2020202020203C62706D6E64693A42504D4E53686170652062706D6E456C656D656E743D227369642D34333143443542432D323642422D343237452D424338412D344443433334334436423739222069643D2242504D4E53686170655F7369642D34333143443542432D323642422D343237452D424338412D344443433334334436423739223E0A20202020202020203C6F6D6764633A426F756E6473206865696768743D2232382E30222077696474683D2232382E302220783D223531312E352220793D223231382E30223E3C2F6F6D6764633A426F756E64733E0A2020202020203C2F62706D6E64693A42504D4E53686170653E0A2020202020203C62706D6E64693A42504D4E456467652062706D6E456C656D656E743D227369642D33383443443737362D413243312D344236322D424141322D453735394630333842454637222069643D2242504D4E456467655F7369642D33383443443737362D413243312D344236322D424141322D453735394630333842454637223E0A20202020202020203C6F6D6764693A776179706F696E7420783D223137362E352220793D223233322E30223E3C2F6F6D6764693A776179706F696E743E0A20202020202020203C6F6D6764693A776179706F696E7420783D223232312E352220793D223233322E30223E3C2F6F6D6764693A776179706F696E743E0A2020202020203C2F62706D6E64693A42504D4E456467653E0A2020202020203C62706D6E64693A42504D4E456467652062706D6E456C656D656E743D227369642D44424434414336452D314341342D344435462D394546412D333534373144363144463935222069643D2242504D4E456467655F7369642D44424434414336452D314341342D344435462D394546412D333534373144363144463935223E0A20202020202020203C6F6D6764693A776179706F696E7420783D223436362E352220793D223233322E30223E3C2F6F6D6764693A776179706F696E743E0A20202020202020203C6F6D6764693A776179706F696E7420783D223531312E352220793D223233322E30223E3C2F6F6D6764693A776179706F696E743E0A2020202020203C2F62706D6E64693A42504D4E456467653E0A2020202020203C62706D6E64693A42504D4E456467652062706D6E456C656D656E743D227369642D35433837394341332D433937332D343930452D414139372D464141464634393134334133222069643D2242504D4E456467655F7369642D35433837394341332D433937332D343930452D414139372D464141464634393134334133223E0A20202020202020203C6F6D6764693A776179706F696E7420783D223332312E352220793D223233322E30223E3C2F6F6D6764693A776179706F696E743E0A20202020202020203C6F6D6764693A776179706F696E7420783D223336362E352220793D223233322E30223E3C2F6F6D6764693A776179706F696E743E0A2020202020203C2F62706D6E64693A42504D4E456467653E0A202020203C2F62706D6E64693A42504D4E506C616E653E0A20203C2F62706D6E64693A42504D4E4469616772616D3E0A3C2F62706D6E323A646566696E6974696F6E733E, 0);
INSERT INTO `act_ge_bytearray` VALUES ('2b637796-2db6-11ed-b237-283a4d3b4979', 2, 'source', NULL, 0x7B227265736F757263654964223A2232623561303162352D326462362D313165642D623233372D323833613464336234393739222C2270726F70657274696573223A7B2270726F636573735F6964223A224C65617665222C226E616D65223A22E8AFB7E58187E794B3E8AFB7E6B581E7A88B222C22646F63756D656E746174696F6E223A22222C2270726F636573735F617574686F72223A22222C2270726F636573735F76657273696F6E223A22222C2270726F636573735F6E616D657370616365223A22687474703A2F2F7777772E61637469766974692E6F72672F70726F63657373646566222C22657865637574696F6E6C697374656E657273223A22222C226576656E746C697374656E657273223A22222C227369676E616C646566696E6974696F6E73223A22222C226D657373616765646566696E6974696F6E73223A22227D2C227374656E63696C223A7B226964223A2242504D4E4469616772616D227D2C226368696C64536861706573223A5B7B227265736F757263654964223A227369642D33414146303639432D394431462D343130392D423544302D463646343846443336463434222C2270726F70657274696573223A7B226F766572726964656964223A22222C226E616D65223A22E5BC80E5A78B222C22646F63756D656E746174696F6E223A22222C22657865637574696F6E6C697374656E657273223A22222C22696E69746961746F72223A22222C22666F726D6B6579646566696E6974696F6E223A22222C22666F726D70726F70657274696573223A22227D2C227374656E63696C223A7B226964223A2253746172744E6F6E654576656E74227D2C226368696C64536861706573223A5B5D2C226F7574676F696E67223A5B7B227265736F757263654964223A227369642D32414546313533312D384330342D343737342D383243372D383245443341374231433642227D5D2C22626F756E6473223A7B226C6F7765725269676874223A7B2278223A3131342E31393939393939393939393939392C2279223A3232377D2C2275707065724C656674223A7B2278223A38342E31393939393939393939393939392C2279223A3139377D7D2C22646F636B657273223A5B5D7D2C7B227265736F757263654964223A227369642D42394239423831362D443945332D344130442D393741322D433530343037344337444637222C2270726F70657274696573223A7B226F766572726964656964223A22222C226E616D65223A22E79BB4E5B19EE9A286E5AFBCE5AEA1E689B9222C22646F63756D656E746174696F6E223A22222C226173796E6368726F6E6F7573646566696E6974696F6E223A2266616C7365222C226578636C7573697665646566696E6974696F6E223A2266616C7365222C22657865637574696F6E6C697374656E657273223A22222C226D756C7469696E7374616E63655F74797065223A224E6F6E65222C226D756C7469696E7374616E63655F63617264696E616C697479223A22222C226D756C7469696E7374616E63655F636F6C6C656374696F6E223A22222C226D756C7469696E7374616E63655F7661726961626C65223A22222C226D756C7469696E7374616E63655F636F6E646974696F6E223A22222C226973666F72636F6D70656E736174696F6E223A2266616C7365222C22757365727461736B61737369676E6D656E74223A22222C22666F726D6B6579646566696E6974696F6E223A22222C2264756564617465646566696E6974696F6E223A22222C227072696F72697479646566696E6974696F6E223A22222C22666F726D70726F70657274696573223A22222C227461736B6C697374656E657273223A22227D2C227374656E63696C223A7B226964223A22557365725461736B227D2C226368696C64536861706573223A5B5D2C226F7574676F696E67223A5B7B227265736F757263654964223A227369642D44323034434141442D344337442D344144422D384334412D444443424246393235384143227D5D2C22626F756E6473223A7B226C6F7765725269676874223A7B2278223A3235392E322C2279223A3235327D2C2275707065724C656674223A7B2278223A3135392E322C2279223A3137327D7D2C22646F636B657273223A5B5D7D2C7B227265736F757263654964223A227369642D32414546313533312D384330342D343737342D383243372D383245443341374231433642222C2270726F70657274696573223A7B226F766572726964656964223A22222C226E616D65223A22222C22646F63756D656E746174696F6E223A22222C22636F6E646974696F6E73657175656E6365666C6F77223A22222C22657865637574696F6E6C697374656E657273223A22222C2264656661756C74666C6F77223A2266616C7365227D2C227374656E63696C223A7B226964223A2253657175656E6365466C6F77227D2C226368696C64536861706573223A5B5D2C226F7574676F696E67223A5B7B227265736F757263654964223A227369642D42394239423831362D443945332D344130442D393741322D433530343037344337444637227D5D2C22626F756E6473223A7B226C6F7765725269676874223A7B2278223A3135382E33353632352C2279223A3231327D2C2275707065724C656674223A7B2278223A3131342E38303933373439393939393939392C2279223A3231327D7D2C22646F636B657273223A5B7B2278223A31352C2279223A31357D2C7B2278223A35302C2279223A34307D5D2C22746172676574223A7B227265736F757263654964223A227369642D42394239423831362D443945332D344130442D393741322D433530343037344337444637227D7D2C7B227265736F757263654964223A227369642D32444341443441392D464145392D343034342D423742352D424241444341343337393239222C2270726F70657274696573223A7B226F766572726964656964223A22222C226E616D65223A22E983A8E997A8E7BB8FE79086E5AEA1E689B9222C22646F63756D656E746174696F6E223A22222C226173796E6368726F6E6F7573646566696E6974696F6E223A2266616C7365222C226578636C7573697665646566696E6974696F6E223A2266616C7365222C22657865637574696F6E6C697374656E657273223A22222C226D756C7469696E7374616E63655F74797065223A224E6F6E65222C226D756C7469696E7374616E63655F63617264696E616C697479223A22222C226D756C7469696E7374616E63655F636F6C6C656374696F6E223A22222C226D756C7469696E7374616E63655F7661726961626C65223A22222C226D756C7469696E7374616E63655F636F6E646974696F6E223A22222C226973666F72636F6D70656E736174696F6E223A2266616C7365222C22757365727461736B61737369676E6D656E74223A22222C22666F726D6B6579646566696E6974696F6E223A22222C2264756564617465646566696E6974696F6E223A22222C227072696F72697479646566696E6974696F6E223A22222C22666F726D70726F70657274696573223A22222C227461736B6C697374656E657273223A22227D2C227374656E63696C223A7B226964223A22557365725461736B227D2C226368696C64536861706573223A5B5D2C226F7574676F696E67223A5B7B227265736F757263654964223A227369642D36393032324245422D303645392D343232352D394142362D443836424545354236363432227D5D2C22626F756E6473223A7B226C6F7765725269676874223A7B2278223A3430342E322C2279223A3235327D2C2275707065724C656674223A7B2278223A3330342E322C2279223A3137327D7D2C22646F636B657273223A5B5D7D2C7B227265736F757263654964223A227369642D44323034434141442D344337442D344144422D384334412D444443424246393235384143222C2270726F70657274696573223A7B226F766572726964656964223A22222C226E616D65223A22222C22646F63756D656E746174696F6E223A22222C22636F6E646974696F6E73657175656E6365666C6F77223A22222C22657865637574696F6E6C697374656E657273223A22222C2264656661756C74666C6F77223A2266616C7365227D2C227374656E63696C223A7B226964223A2253657175656E6365466C6F77227D2C226368696C64536861706573223A5B5D2C226F7574676F696E67223A5B7B227265736F757263654964223A227369642D32444341443441392D464145392D343034342D423742352D424241444341343337393239227D5D2C22626F756E6473223A7B226C6F7765725269676874223A7B2278223A3330332E33353632352C2279223A3231327D2C2275707065724C656674223A7B2278223A3236302E30343337352C2279223A3231327D7D2C22646F636B657273223A5B7B2278223A35302C2279223A34307D2C7B2278223A35302C2279223A34307D5D2C22746172676574223A7B227265736F757263654964223A227369642D32444341443441392D464145392D343034342D423742352D424241444341343337393239227D7D2C7B227265736F757263654964223A227369642D39353034313635392D393231432D343634372D414137452D303037444435333239374241222C2270726F70657274696573223A7B226F766572726964656964223A22222C226E616D65223A22E4BABAE4BA8BE4B893E59198E5AEA1E689B9222C22646F63756D656E746174696F6E223A22222C226173796E6368726F6E6F7573646566696E6974696F6E223A2266616C7365222C226578636C7573697665646566696E6974696F6E223A2266616C7365222C22657865637574696F6E6C697374656E657273223A22222C226D756C7469696E7374616E63655F74797065223A224E6F6E65222C226D756C7469696E7374616E63655F63617264696E616C697479223A22222C226D756C7469696E7374616E63655F636F6C6C656374696F6E223A22222C226D756C7469696E7374616E63655F7661726961626C65223A22222C226D756C7469696E7374616E63655F636F6E646974696F6E223A22222C226973666F72636F6D70656E736174696F6E223A2266616C7365222C22757365727461736B61737369676E6D656E74223A22222C22666F726D6B6579646566696E6974696F6E223A22222C2264756564617465646566696E6974696F6E223A22222C227072696F72697479646566696E6974696F6E223A22222C22666F726D70726F70657274696573223A22222C227461736B6C697374656E657273223A22227D2C227374656E63696C223A7B226964223A22557365725461736B227D2C226368696C64536861706573223A5B5D2C226F7574676F696E67223A5B7B227265736F757263654964223A227369642D44393239454544392D393445382D343339382D383334342D393741443236353437434135227D5D2C22626F756E6473223A7B226C6F7765725269676874223A7B2278223A3534392E322C2279223A3235327D2C2275707065724C656674223A7B2278223A3434392E322C2279223A3137327D7D2C22646F636B657273223A5B5D7D2C7B227265736F757263654964223A227369642D36393032324245422D303645392D343232352D394142362D443836424545354236363432222C2270726F70657274696573223A7B226F766572726964656964223A22222C226E616D65223A22222C22646F63756D656E746174696F6E223A22222C22636F6E646974696F6E73657175656E6365666C6F77223A22222C22657865637574696F6E6C697374656E657273223A22222C2264656661756C74666C6F77223A2266616C7365227D2C227374656E63696C223A7B226964223A2253657175656E6365466C6F77227D2C226368696C64536861706573223A5B5D2C226F7574676F696E67223A5B7B227265736F757263654964223A227369642D39353034313635392D393231432D343634372D414137452D303037444435333239374241227D5D2C22626F756E6473223A7B226C6F7765725269676874223A7B2278223A3434382E33353632353030303030303030352C2279223A3231327D2C2275707065724C656674223A7B2278223A3430352E30343337353030303030303030352C2279223A3231327D7D2C22646F636B657273223A5B7B2278223A35302C2279223A34307D2C7B2278223A35302E3030303030303030303030303033362C2279223A34307D5D2C22746172676574223A7B227265736F757263654964223A227369642D39353034313635392D393231432D343634372D414137452D303037444435333239374241227D7D2C7B227265736F757263654964223A227369642D45363338343437322D444644312D343737362D383343422D314638373333393631424545222C2270726F70657274696573223A7B226F766572726964656964223A22222C226E616D65223A22E4BABAE4BA8BE7BB8FE79086E5AEA1E689B9222C22646F63756D656E746174696F6E223A22222C226173796E6368726F6E6F7573646566696E6974696F6E223A2266616C7365222C226578636C7573697665646566696E6974696F6E223A2266616C7365222C22657865637574696F6E6C697374656E657273223A22222C226D756C7469696E7374616E63655F74797065223A224E6F6E65222C226D756C7469696E7374616E63655F63617264696E616C697479223A22222C226D756C7469696E7374616E63655F636F6C6C656374696F6E223A22222C226D756C7469696E7374616E63655F7661726961626C65223A22222C226D756C7469696E7374616E63655F636F6E646974696F6E223A22222C226973666F72636F6D70656E736174696F6E223A2266616C7365222C22757365727461736B61737369676E6D656E74223A22222C22666F726D6B6579646566696E6974696F6E223A22222C2264756564617465646566696E6974696F6E223A22222C227072696F72697479646566696E6974696F6E223A22222C22666F726D70726F70657274696573223A22222C227461736B6C697374656E657273223A22227D2C227374656E63696C223A7B226964223A22557365725461736B227D2C226368696C64536861706573223A5B5D2C226F7574676F696E67223A5B7B227265736F757263654964223A227369642D34453335463344422D424630322D343639372D393738312D383538433539323933373841227D5D2C22626F756E6473223A7B226C6F7765725269676874223A7B2278223A3639342E322C2279223A3235327D2C2275707065724C656674223A7B2278223A3539342E322C2279223A3137327D7D2C22646F636B657273223A5B5D7D2C7B227265736F757263654964223A227369642D44393239454544392D393445382D343339382D383334342D393741443236353437434135222C2270726F70657274696573223A7B226F766572726964656964223A22222C226E616D65223A22222C22646F63756D656E746174696F6E223A22222C22636F6E646974696F6E73657175656E6365666C6F77223A22222C22657865637574696F6E6C697374656E657273223A22222C2264656661756C74666C6F77223A2266616C7365227D2C227374656E63696C223A7B226964223A2253657175656E6365466C6F77227D2C226368696C64536861706573223A5B5D2C226F7574676F696E67223A5B7B227265736F757263654964223A227369642D45363338343437322D444644312D343737362D383343422D314638373333393631424545227D5D2C22626F756E6473223A7B226C6F7765725269676874223A7B2278223A3539332E33353632352C2279223A3231327D2C2275707065724C656674223A7B2278223A3535302E30343337352C2279223A3231327D7D2C22646F636B657273223A5B7B2278223A35302E3030303030303030303030303033362C2279223A34307D2C7B2278223A35302C2279223A34307D5D2C22746172676574223A7B227265736F757263654964223A227369642D45363338343437322D444644312D343737362D383343422D314638373333393631424545227D7D2C7B227265736F757263654964223A227369642D32423533363346342D443541302D343143342D423632362D453439373635374432314534222C2270726F70657274696573223A7B226F766572726964656964223A22222C226E616D65223A22E680BBE7BB8FE79086E5AEA1E689B9222C22646F63756D656E746174696F6E223A22222C226173796E6368726F6E6F7573646566696E6974696F6E223A2266616C7365222C226578636C7573697665646566696E6974696F6E223A2266616C7365222C22657865637574696F6E6C697374656E657273223A22222C226D756C7469696E7374616E63655F74797065223A224E6F6E65222C226D756C7469696E7374616E63655F63617264696E616C697479223A22222C226D756C7469696E7374616E63655F636F6C6C656374696F6E223A22222C226D756C7469696E7374616E63655F7661726961626C65223A22222C226D756C7469696E7374616E63655F636F6E646974696F6E223A22222C226973666F72636F6D70656E736174696F6E223A2266616C7365222C22757365727461736B61737369676E6D656E74223A22222C22666F726D6B6579646566696E6974696F6E223A22222C2264756564617465646566696E6974696F6E223A22222C227072696F72697479646566696E6974696F6E223A22222C22666F726D70726F70657274696573223A22222C227461736B6C697374656E657273223A22227D2C227374656E63696C223A7B226964223A22557365725461736B227D2C226368696C64536861706573223A5B5D2C226F7574676F696E67223A5B7B227265736F757263654964223A227369642D42323745383235452D453331332D343135392D423332332D374342383737454545433137227D5D2C22626F756E6473223A7B226C6F7765725269676874223A7B2278223A3833392E322C2279223A3235327D2C2275707065724C656674223A7B2278223A3733392E322C2279223A3137327D7D2C22646F636B657273223A5B5D7D2C7B227265736F757263654964223A227369642D34453335463344422D424630322D343639372D393738312D383538433539323933373841222C2270726F70657274696573223A7B226F766572726964656964223A22222C226E616D65223A22222C22646F63756D656E746174696F6E223A22222C22636F6E646974696F6E73657175656E6365666C6F77223A22222C22657865637574696F6E6C697374656E657273223A22222C2264656661756C74666C6F77223A2266616C7365227D2C227374656E63696C223A7B226964223A2253657175656E6365466C6F77227D2C226368696C64536861706573223A5B5D2C226F7574676F696E67223A5B7B227265736F757263654964223A227369642D32423533363346342D443541302D343143342D423632362D453439373635374432314534227D5D2C22626F756E6473223A7B226C6F7765725269676874223A7B2278223A3733382E33353632352C2279223A3231327D2C2275707065724C656674223A7B2278223A3639352E30343337352C2279223A3231327D7D2C22646F636B657273223A5B7B2278223A35302C2279223A34307D2C7B2278223A35302C2279223A34307D5D2C22746172676574223A7B227265736F757263654964223A227369642D32423533363346342D443541302D343143342D423632362D453439373635374432314534227D7D2C7B227265736F757263654964223A227369642D43394146323239352D353141352D343443382D414632302D414134344236343436383433222C2270726F70657274696573223A7B226F766572726964656964223A22222C226E616D65223A22E7BB93E69D9F222C22646F63756D656E746174696F6E223A22222C22657865637574696F6E6C697374656E657273223A22227D2C227374656E63696C223A7B226964223A22456E644E6F6E654576656E74227D2C226368696C64536861706573223A5B5D2C226F7574676F696E67223A5B5D2C22626F756E6473223A7B226C6F7765725269676874223A7B2278223A3931322E322C2279223A3232367D2C2275707065724C656674223A7B2278223A3838342E322C2279223A3139387D7D2C22646F636B657273223A5B5D7D2C7B227265736F757263654964223A227369642D42323745383235452D453331332D343135392D423332332D374342383737454545433137222C2270726F70657274696573223A7B226F766572726964656964223A22222C226E616D65223A22222C22646F63756D656E746174696F6E223A22222C22636F6E646974696F6E73657175656E6365666C6F77223A22222C22657865637574696F6E6C697374656E657273223A22222C2264656661756C74666C6F77223A2266616C7365227D2C227374656E63696C223A7B226964223A2253657175656E6365466C6F77227D2C226368696C64536861706573223A5B5D2C226F7574676F696E67223A5B7B227265736F757263654964223A227369642D43394146323239352D353141352D343443382D414632302D414134344236343436383433227D5D2C22626F756E6473223A7B226C6F7765725269676874223A7B2278223A3838332E3537352C2279223A3231327D2C2275707065724C656674223A7B2278223A3833392E3539303632352C2279223A3231327D7D2C22646F636B657273223A5B7B2278223A35302C2279223A34307D2C7B2278223A31342C2279223A31347D5D2C22746172676574223A7B227265736F757263654964223A227369642D43394146323239352D353141352D343443382D414632302D414134344236343436383433227D7D5D2C22626F756E6473223A7B226C6F7765725269676874223A7B2278223A313230302C2279223A313035307D2C2275707065724C656674223A7B2278223A302C2279223A307D7D2C227374656E63696C736574223A7B2275726C223A227374656E63696C736574732F62706D6E322E302F62706D6E322E302E6A736F6E222C226E616D657370616365223A22687474703A2F2F62336D6E2E6F72672F7374656E63696C7365742F62706D6E322E3023227D2C227373657874656E73696F6E73223A5B5D7D, NULL);
INSERT INTO `act_ge_bytearray` VALUES ('61e66487-2db6-11ed-b237-283a4d3b4979', 1, 'source-extra', NULL, 0x89504E470D0A1A0A0000000D49484452000003C20000012E080600000045F2AB7D000000206348524D00007A26000080840000FA00000080E8000075300000EA6000003A98000017709CBA513C0000000467414D410000B18E7CFB5193000000017352474200AECE1CE900000006624B474400FF00FF00FFA0BDA793000000097048597300000EC400000EC401952B0E1B000020004944415478DAEDDD0B945D757D2FF03D93840408AF00922A2A1514B056B808487D149610C0166BAA0809516E6905F4B6BACA1241D682252EBC558A166AE9851A0585C40479F9002B446A40508A84477908426C28900704C88B3C482673F7F7E4EC787238930CC9BC32F3F9ACB5D7CC9C39736666EFEFF9EFFDFBFFFF7BEFA2000000000000000000000000000000000000000000000000000000000000000000000000000000000000000000000000000000000000000000000000000000000000000000000000000000000000000000000000000000000000000000000000000000000000000000000000000000000000000000000000000000000000000000000000000000000000000000000000000000000000000000000000000000000000000000000000000000000000000000000000000000000000000000000000000000000000000000000000000000000000000000000000000000000000000000000000000000000000000000000000000000000000000000000000000000000000000000000000000000000000000000000000000000000000000000000000000000000000000000000000000000000000000000000000000000000000000000000000000000000000000000000000000000000000000000000000000000000000000000000000000000000000000000000000000000000000000000000000000000000000000000000000000000000000000000000000000000000000000000000000000000000000000000000000000000000000000000000000000000000000000000000000000000000000000000000000000000000000000000000000000000000000000000000000000000000000000000000000000000000000000000000000000000000000000000000000000000000000000000000000000000000000000000000000000000000000000000000000000000000000000000000000000000000000000000000000000000000000000000000000000000000000000000000000000000000000000000000000000000000000000000000000000000000060A86BB30A18681E7FFCF14FAE58B1E26FCAE51DCB972F1FBD76ED5A2B654BDFE86D6DC5B6DB6EBB78E4C891F77576765E72C82187FC4886902119922119922119922114C2D0FF0DFEF8975E7AE98AD5AB57EF3276ECD862A79D762A76D86187A2BDBDDDCAD942D9792E5BB6AC58B26449B160C182B51D1D1DB3CBF5FCB10F7CE0030FCA1032244332244332244332844218FAA7D1FFCABC79F3CE7ED39BDED4F6FAD7BFBED66347EF993B776EF1D4534FADDE669B6DFEEA3DEF79CFF76408199221199221199221196228196615D0DF66CF9EFDF5050B169CB9FFFEFBB7EDBEFBEE1AFD3E909EE53163C60C9B3F7FFE874E39E594C7AEBCF2CA4765081992211992211992211942210C7DE037BFF9CD87E6CE9DFBCF69F477DC71C7577D7FF5CA45C573BFFD49B1E0373F289E7BE29662D9F3BF29DA878F2A468EDEC3CADB42DB6CB34DB1CB2EBB0C2BD7FF9F9F74D2493F9A3265CA7332840CC9900CC9900CC9900C311438D9807EB578F1E2C999FED3AAD1EF786559F1D4AFBF592C9E7B5FB1E695976B8FAD5C3AAF98FBF0F78B45CFDE6BE5F580EDB7DFBEF8C33FFCC36DCB9DC0B764081992211992211992211942210CBDEC9E7BEE3972F5EAD5AFCB3930ADBCF8F4DDC59A554B5A7E6FE1EC194567A7AB27F68472FDB70F1B36EC6D3366CC384C86902119922119922119922114C2D08BCAC6E6ACB163C7B675750ECCCA25CF76F9B3E9114D0F293DE30FFEE00FF2E1A332840CC9900CC9900CC9900CA110865EB472E5CA03724B80AE74AE5DB3D19FD703DA7376DE79E75DDADBDB8F912164488664488664488664088530F4A2152B56EC9EABF5D1FF468F1E9D7BEBBD5D86902164488664488664088530F4A2CECECE7637871F200DC1BAED304C86902164488664488664088530F4A311DBEEB2D1EF0FDF66B495840C2143C81032042884193C767EC321C5F091AFBE8D405B5B7B31E6CDEF2BDADA875B49C81032840C2143804298C163DB9DDE5836FE07BFEAF1EC0C5EF7D663AD20640819428690214021CCE053DD38BE51E7DAD5C5DA8E57AC1C640819428690214021CCE06AF0E73D7A43B1F8D95FB7FCDE7FFFEA1BC5B2858F5B51C81032840C2143C06BE6A402069CE52FFD7731F7E16B8B35AB9674F99CD52B1715CF3C7075B1CB9E8716BBED3DAE1836625B2B0E194286902164085008B375E958BDA258F8DF3F2F163D7D77B76F0EFFD233F714CB16FEB6D863DF3F2F46EFBEBF95284332840C2143C810B049A6463360CC7BE4BAE2A5FFF965B71BFD4AAD37F4C1A9C5CA25CF5A89322443C81032840C010A61B61E5B7AC107178C408690216408199221E80E53A31930DEF4AEBFB11290216408194286805E6744180000008530000000288401000040210C0000005B1717CBEA079D9D9DC3EFBBEFBE09F7DF7FFF490B162C3864FEFCF93B2D5DBA74C4CA952B8BE1C38777EEB8E38E6B76DB6DB70563C68CB977ECD8B1FF3061C2845F5B6B0000C0E6983469D29E6BD6AC19DFD6D67678F9E581E532B65C4697CBCA72995FD6270F94DFBB6BD8B061D3A74E9DFA8C42981E2F80CB60FDD397BEF4A5BF59B468D176FBEFBF7F71E49147166F7CE31B8BB2E82D468D1A5594C5705B8AE2A79F7E7ACF871F7E78CFBBEFBE7BFC59679DF55CF9E35FF9C77FFCC74BAC450000A03B264E9C38BEFCF0B71D1D1DEF2F0BDD912D9E32AA5CF62ABFB757F9717CF9BC8B264C9830B3FCFADBD3A64D9BA210668BDD78E38D475E70C1053F2C8BDCEDCB7015071C7040316CD8B05727B12C86B3ECBEFBEEC541071D549C7CF2C9C5830F3EF8BA6BAEB9E69F3EFBD9CF9EB16CD9B2A3AFB8E28AC7AD510000A095B2DE48617B596767E7B19BF1E347943F7744F91AA79785F129D75E7BED930A6136CBD4A953A7FCF4A73F3DE9B8E38E6BFBE0073FD8B200DE9814CDE5D276CB2DB7BCE9FAEBAF7FE8AC92D1610000A0D989279E38A1ADADEDD2B298DDB57A2CF5C73BDEF18EE2DDEF7E77B1CF3EFB143BEFBC73B1C30E3B14CB972F2F162D5A54CC9933A7B8E79E7B8AFBEEBBAF58BD7A75F563EF2B7FEEFE8913277E7A308E0E2B847BD90F7FF8C3AB7FF6B39F4DFADCE73E57BCF5AD6FDDA2D73AE698638AFDF6DB6FC445A5B3CF3E7BBB0B2FBCF01FAC610000A05E041F5716C157E794CCAA00CE40DCD1471F5D9B71DA6CBBEDB6AB2DAF7FFDEB8BF7BCE73DB5A2F8E69B6F2EFEFDDFFFBDE8E8E8C8534697AF7575590C8F2A8BE16F0DA675E5AAD1BD68F2E4C997CE983163D279E79DB7C54570E5CD6F7E73F1C52F7E71F8D2A54BCF3FEDB4D33E692D030000F591E01B8BFA60678ADBAF7CE52BB95056CB22B8958C14E7F9F9B95CC7A85216C393CB62F8E30A613629E704DF7BEFBDFFE7B39FFD6C5B7783D75D79BDB3CE3A6BC49A356BFEB90CE47ED63600000C5D3927B8BDBDFDD2AA08DE77DF7D8BF3CF3F7F8362F6B5C8CFE5E7FFF88FFFB8B118BE6C30D51E0AE15E326BD6AC6B734E704F8D0437CBC8F009279CB05DE91A6B1B000086AEB6B6B6C9D539C11909CE69993907784B64CAF4DFFFFDDF3716D399263D59214C972EBDF4D27357AD5AB54BCEE9ED4D79FD1D77DC71EFC1364D010000E89EDC22A92C508FCAE7392738C5EB9616C18DC5F0673EF399C68BFDBE6FB0D41E2E96D50BE6CF9F7F466E913462C4885EFF5DA79C72CAF6DFF8C637CE2E3FEDF32BB995FFE3B96D6D6D0FCF9B37EFA6993367AEB1E591216408194286A0CF33F4B7D527B930D6E64E87EE4A5EEFB8E38ECB45806B5F9745F7E9FD517B288407B8EF7EF7BBFFEBD7BFFEF52EB9E5515FC8BCFDE1C387BF29E7054C9F3E7D4E1FFFBB17946F8462ECD8B12F9F78E2893F686F6F9FB266CD9A3BAFBDF6DA65FDB1EE731EC317BEF085DA7D985BF9C94F7E52FB5EB9BE5EF5BD5C21AFFCDB8B8F7CE4231B3C7ED5555715279D7452B16CD9B262F1E2C51B7CEFAEBBEE2AF6DC73CFE24FFFF44F6B5FCF9E3DBBF63ABBEDB6DB06CF7BEAA9A78AEDB7DFBE78D7BBDED5E5DF9EBF2DDFDF638F3D36FA9CFCEDB9EADF238F3C523BF7235FE7F33FFAA33FDA5ADF32FD9EA1FFFCCFFFAC6DC737BCE10DDD7A7E32919C8C1E3DBA5BCFBFE1861B8ABFF88BBF7855EE9E7DF6D98DFECEE4B1F9675A3D264303A71D4A36F6DA6BAFF56DC2A6240393274FAEB55DDDD9C6DFFCE6378B0F7FF8C31BDDC6316BD6ACE2E5975FDEE0B1679E79A6968F6C73EDD0D0CB907668681D0F356FAFECE7DEFBDEF7AE6F1F5E78E185DAFAB7CF1A78192AD7C7F2F298FEA6B228BEB2BB199A3469D29E1D1D1D47E4F3EA0AD1BDE1D8638FAD6D93FAAD95DED74FB5874278207BEEB9E7FEF6C0030F6C7BADF70ADE12871C72C89A1933661C5F7EFAB57EFAB7B72FDFB093CA37F0A4F2FF5E52BE317E587EFDBD912347CEFCCE77BEB3B2377E618ACB2C9514AA8F3FFE78EDFE67317FFEFCDAF73FFFF9CFAF7FCE8D37DE589C7BEEB9B5F3AB9BDD71C71DC57FFCC77F6C5008A7B0BDFAEAAB6B8570AC5CB9B256487FF2939F2CBEF5AD6FD5762ACD45F7B469D36AD3479A0F4A9B0F3EF35A29ACAB1D401AF4EF7DEF7BC519679CD1E54E67E1C285EB3FFFEA57BF5A5BF2FDFC4F975F7EF9260F8E07B83ECF5025EB7EE2C489C58F7FFCE35A6652306427BBDF7EFBD53A3BD2A9F5677FF667EB9F9F6D9E83CE2CBFFCE52FD7672099CB366BDC86F9F964320715D50E3DCFBFFDF6DB8BDFFDEE77C595575EB94106AB0387071F7CB0F631F7FACB7DFD9295FC1DFFF22FFF52943B45191A6019AAFCE217BFA865A8AB222607A3AB56AD5AFF7595996ADB679B5E7CF1C545F9F7B6DC1679FDD34E3B6D8376AF55874CB276F2C9276FD0D65D70C105B53C6987865E86B443432B43AF3AD02FB777F290ED947D59F6759FFEF4A75B3E7773B2521DE7240BD9FE19109095CD57E665BBF2C30965864E2833B4AC3C3EB9A9FCFABB1BCB50F93E1D5FFE5CADA6CB7A1F33664CAFFC6DB99AF441071D546B87EAFAB3F650080F444B962C39FCFDEF7F7F9FFECEB2F01E533652E3064818772C974F946FE04F948DDECAF20DFCFDD4A03D3D5D68A79D76AA358069A4B3E44DF9F6B7BFBD76E0971DF7AEBBEEFAAA83BEEA20A2B180AE6487FF96B7BC6583C752047FED6B5FAB153CA79E7AEAFA5ECD7C9EDF939D40EEB7D6B8B34923DFFCFAE9798DEC1CD288447634F99DD5CC811C64ECBDF7DEEB772C69FCF3FB5358E775B373C8EB6447921D47764CD5CE2223D059171BEB79DDCAF44986B2AE1F7BECB1DABACCC14176D85987D926792C07A2CD1D1B175D74514E47A87D3F0548638F7A5E2F9D318D72C091FC247779DD6CB3FC8E8CE05C76D9651B3C37DFCBC144B6753A6472C0511D0C271FF93C99A8C850FF67A8AB0385AEA44D4A3B904EB6ACF37498A62DAB0AD6E424F76D6C940EBA6A9B649B56DB370550F276CE39E7B4DC66E9D06994B6A9F97932343432A41D1A7A196A94BC7CE2139FA86565C18205C53BDFF9CEDA315232946DD59359C9CFE41848567A4C2E4C35A1FC38A15C0FAB264C98707D59F05EDB9CA1F2B1C3ABCF0F3DF4D05EFD83F2FA0D85F0E10A6136F0FCF3CFEFD16AC4B13765DE7E4747C73B07E0EA1855BE814F2E3F9E3C76ECD8F48CDE5ABE59BFDD133DA33950C89291BC4C01496399C224BD96F7DD775FAD81CC0162B34CC3C94E21D3069F7CF2C9E2BFFEEBBF6A8D6B760E29721A7B25D3F8967F77ED777CEC631FAB35C0E9B9CC6369B8737FB534D88D072D8D072495EC0CD2D8672750154ED91964C75135EAF95DD9A1547F734624D38B5A35F0F97E6D85967F6B46A27FFEF39FD71ECBDF5D49C196BFF3031FF8C0607A4BF55A86B25D524C641B649DA6873C070055319BF59BAB2E368EB8255B996590DEF24DC9F4B2BFFCCBBFAC6DC34B2EB9A4D6931D679E7966ED4024AFDFF8DAC94895BB6428072DC959B292EDDCD8FB2E43032343CD92A7F4966F4C0AD256334722B3564E38E1840D1EABB645B2911194EE4C994D26D22696FB85F58FB51A3991A1C19F21EDD0D0CB50B374F466BBA73DC8F64A1199C236FBB37CECC9ACA440CAB694955E31B25C4E2A737452D99E2F2D8F4D6F2BBFFEB764A85C2F07564F6A1ED4E9693975A3C1815BFB4A5508F7B0E5CB976FB7B1DEDCDE9069526503B77BD9B09E3FC07B468F2FDFC0C7A7212BFFD6D9CF3FFFFC9607B86C300F3FFCF00D1ECB01607A3BBB7A7E1AD5AA27FDD1471FAD1540698C1B0F1AB343A8CE394E239D91E1F454E620343B85144339AFB4715B7735229CDF97C7B2C3A90AE134DE1981CC8E243B96145F29CEAB1D47E374A2C8D4EAAA072ED32123CF4D6F68A4B774DCB8715BB433C8EB0EB50CE50021DB779F7DF6A9ADBFACCF6A9D66FDFEF55FFFF5865DB3DD3C2F38EB32BDE3D941674A5A661164E79FCE931C086426413A55CA1D58ED60A3B1473BFF5BF25715EBD1AA775D86064E3B54C9015A3AC3BA9AB2DC58C8A44D48D1D3D86634FE4CFEBE6C9F6AEA7DDAA86CABE683CB64A2F1948F5B6FBD757D6761A38C24A63DCBA84EF53D191ADC19D20E0DCD0C35CB354A5A75A0354E3BDE92ACC48F7EF4A3F5ED4C5723C25B9295C6FD724F66A595AC9774120CE40CB5B5B5ED50E6677CF9E9F87A87C1DAEA7BBD5D8334BDFE6E0A6136F0CA2BAF0CEBEA624DBDE5EEBBEFCE879C94FCC5AD6855ED9D11D28F7EF4A37DFA4B332A928B91E4FCB94639D7338D6EBE9F46B09AFE9A863C8D6E7AE8AB063D0D78ABD195EC34D29B9A1D402523CE69E8FFE44FFEA4564037CAC8744678AA03D86AC7511DDC363FF757BFFA556D67555DF0A22AAAF3DC740674F7624F5DF9ED6F7F5B0CA50C5D71C515B59DF921871C52BB0A62B6770EFCB253C9F6CDFACC36D99CF59A8C64BBA4B73C07B6D9F1E7B5732051B50FD9E9A730A92EB0D638EA92F393D331B3B19118191A58ED50D66FB67B75DE5BE3B9BC8D3265F9431FFA50971D75D554BFE4A471EA7D66BBE420B5DA7695E603DCEA8280793CF94BCEAA919D6CE7E68324191ABC19D20E391EEA8D7D56061BB28F6CCC45B661B2B2B111E1CDCD4AF6C9D580474F67A5959CA77FFFFDF76F6D195A7F3BDC9EBA655257722BA5C65D8E42980D8C1831624DF9A61DDE97C5F061871D565C7FFDF519CEFC721FFFBBDD69243A3A4BD549FC0DBD59BF3BF8E083B778FE461AC856E7E4B61A114EA39AED9206BCB9273D8D6975B5E77CCC7333B292CFBFFFFDEFAF9FA2138DD3722AD979E4E0A3F92A86F97D390F27E7C4E4C20ED5F9A795EC68F2B766C75D9D4BDCEAB5737E4F8AF114D4CDE7F46407D6133B83B7BDED6D69FCBF34543294D1DE5C5426EBBF9A1E9F1D72665864E79C6D99E9F2D966DD1D096E943C64AA572EB6960C645A7E3A5CAA919E1CCCE65C9B2A77CDA32EAD1E6B75113E19EAFF7628722E6FB651F292C233F96A75EE5A464CAAC7D3F66454A4DACE1991C9056A32FAD27CF5F9193366D4B651B254B57DD96ED5C5FC5AA99EBB2932347833A41D1A5A196A25FBB714A52952B3FD939D5C1FA3F934AEC6AC645B7795956A20A03917F9F94CA1CE4CBB9ECE4AF3DFDA53596925D7F9C9FB6A8066686D19A1B52D3294C76BC5F0D2A54B7BB5185EBE7CF90687E10A619A7B4A5E2E8BA89D721E695FC95495F24DB060DAB469E7F7E5FF3A61C284966FDAF2CD98792B79A36E537E1C567ECC638BCA8F3F2B97A9E5DFFBD39C1353EEE43BB7F46FC8E846F38848E3886C73239F2B22365E71B392063F5783AE464CB264BA4D7618F9994C85CEB9C2D5FA6E5590E7B93900C98E20D3A61B774279BDF4A456537A2A9972545D782B7F7735529D1EC94A1AFB14E51921D854A740F5FB3647762CD3A74F1F5219CA0EBB3A472A57D5CDC16076C095ECF0B34D9BCFDBEC8E4CB9CECF67BDE6A03419C8AC83FC9E6CE78D4DE74A2F7B2EFED6BC7D5B1D34C850FFB743550192CEAEC8685D669E344EADCFBACD73324DB1B1D32EB346F2DCAAA849275C32D85C08E79CD0C603BF4C876E752E6963A75D0E7CD31EB5FA9E0C0D8D0C69878656869A250F5FFEF2976B056E4E05CA71482E8895E3A66A0654B59E739C93E398C6E39FEE66A5BA3B4663BBB53564A595FC0F695BCF3EFBEC0191A12A47F5E2B7BDFCD8DE9CA1723D3C547E6F9F3C37EFFFDE2C84F3FA0D162A8469EE79FB4DD9F01CD69785F0ECD9B39F29DF140FF4F3BFFE4A7A3BCB65DB869EAA9C00F4D372B966DB6DB7FD59D9D82FEA8D3764F3F49BF432A647B8B97731BDCF99BA93F3AFF279D55399063CA37FD9668DD306732E5D0E38D24867879003CF6A343807088D17D7AA7AB6D3C0E7E25D39BFA4DA095517926896863EAF93E7344F3B6B3C78ADBD515B8C0AE475ABF372223F9FC736769FD001AE5F32D46A3D57DB22D3B236F77E7CC94F354D312336F9D85CDC3476D2A4E73D0726C960A67C25B339C0CD014CFE9E4C9DCBF71AAF922943032343D9D6392DA22A5433A292AFB31EABE99F3950CBF508D2B192D928ADB6470A96E6D336D61F6D2C5C581B99C96B669B659A74ABFBD5A77DABAEF49A4CE5A23739A04C1BF7A94F7D4A3B34C432A41D1A9AFBB2AACDC8B64C477F66032453693722B30FD226A4B84D9EB24DD329DC989564A9ABAC440609F2FAE978C82C85FCBEFC9CACF4888CF0AE2EF3531B79A9E7A8CB0C9545F40355219CDB5CE522BABDA569B0E981AD7D452B847B58F986FFF1430F3D7468D928B4F7D5EF2C1B9B97CA0FB7F7F3BFBE4D43637F5DB9DC5CEEB46FEAEDAB216E6C44388D65353DECB6DB6EAB1D4054A37D99EE9CE234C56D1AFBC62B2756F2FCF4CA6774378D771ADA4C57AB0AE25C4C22E7FD36DEA629AF95C7D3C8E7A035072B5D69BE1053ABA968958CEC344EF9CE6BA7F736C5786E95911D411EAB6E38BF95EAF30C65FB54232939D86BDC8EE9044987CAA6AE105D5DD4A8F1C223D9F1E7C220D95EB982E391471ED9F28022070D794E729C7340B34DAB03E1AAF32407035536F2FCEA5C3E191A1819CAB9E6596FCDF7E5BCF4D24B6B53ECD23996EF559D651995A92ECA9676243F5B152ECD53451BA5E8CDE848DAA08CD27595CBB44779ED8CFC54B77ACB36CFA850F293F6ACB1634E86066F86B44343EB78A859A616E778A5B1A0AC729242386D4466BA55597A2D59C9F752E8E6F59B9FD798951C0B25A3559E64A5DBDAEB4570B7325416CDB797CF3FBE5E13BCEA22B23D5C73347E79FBD6BEA215C23DACDC395C356BD6AC734F39E5946D5B9D1BD11BEEBFFFFE5DEB6F947E91291AE58799EDEDEDD50DBF7BB5A7B3F16AAA19AD6B1E11AE1AE56A7A589E97D1DEEA52FFE9BD6CEC314F43DD381DB6B131CF81487A2DB3D3C8ED96B2E3A8AE3A9D2B49A7806EBE5F710E58F237E68022579ECE34A46EE466A3F7C2CB74EE4C89CB7982918B79A5C8CFDF921D59353ADD7C219DAD455F67A8921D6F958514088D530ED38B9E6553B20D92AD6C83141B5576728050EDFCB3434F8F7C1E4F4193CFAB298C29BA93A1F3CE3B6FFD6BA697BDCA71B2545DC4A67A7EAB031419EAFB76281D6A8D23768DB2ED33D52F2372D5D5711B651B671AECDFFDDDDFAD7F6C53EB3E233A298053E06634A6F9F9C9403A74722E5F2E7253E52F6D5E0AE8FCCE740A361F8CCAD0E0CC907668E8ECCB5AA9EE279D6D97532BD26E34CA35521A6FC1F55AB2926D9F36A63B594921DBEA7CDEA19E959ECC50B91E7FD0D1D171713ECD31EB8B2FBE588C1933A6376A9CF5331EEBAEDBDAD7779BD2B5E79D7EFAE9F79E76DA69EFDAD4BD007BA867E6E18B2FBE78F1F4E9D3DFD7D7FFE7840913CE6D6B6B9B53BE51AFDB9C9ECEB271EBECCE3D31B754776EB85E9DBBDBD5549C3CDED5F736766E4A776FF6BEA9D7792DAFB5B9B2D31A376E5CDB50CF500E38ABABF66E4D646860B7433DBD3D5A6DEFEE64408664483B2443B232F8323471E2C41965117D543E3FEEB8E38A499326F5F8DF58D61AB5BB6CD4DD597EFDFEAD3D8746847BC192254BBE7CD555574D39E08003B6EFED51E1CB2FBF7C78F9C6B9BC3FFECFF20DF0E5AD22E4DD684437F69C8D35D49B6AC4BBDB8077E7E075201DEC0CE60C6DCE15A2070219DA0A77C05BB03D5A6DEF2DEDBC91A1A19521ED900CC9CAA0CAD0BF964BAD10CE6C8074ACF4E4B9C24F3FFD7471D34D37ADFFBAAC3DFE6D30ACF7766FC59E376DDAB41F2C5EBCF8919B6FBE79556FFE9EB2D8BE63C58A150BE7CD9B37DD5A070080A1597B941F66E6F35C1836174ACCAD947A426E9994FB48E775EBEE1C2CB58742B897AC5CB9F2C41B6EB861E5134F3CD1D11BAF3F7BF6EC39B7DC72CB7E6D6D6DA7CE9C39738D350E000043D62945FD964673E7CE2DBEFEF5AF6F71319C223845754684EB960DA6DA4321DC4BA64F9F3EA72C863F75E185172E7DFEF9E77BF4B5172C5830FFFCF3CF1FD1D9D9F9B969D3A63D666D0300C0D0AE3DCADA205740AB15A9B9CA772EDADA50C4BE26F9B9FCFC430F3DB4FEB1B208FEF460AA3D14C2BDE89A6BAE99FEF2CB2F9F71CE39E7BCD45323C3E5EB3C7AE6996776AC5EBDFAD2328853AC65000020B547F9E1D4AA18CEC87059871453A74EAD5DF5B93BF2BC5C182B3FD758449745F63983ADF670B1AC5E5606E93B279E78E2CAF3CF3FFFFF7DE4231F593D7EFCF8D76DE605B4D67CFBDBDF9E71DB6DB71D5406F10B65D0BF63ED020000CDB547F9E9656D6D6D3BE7DCDE5CE82A17D1CAEDB00E3DF4D0DAFDA273EFF01D76D8A136FD39C56FEEEB3C6BD6AC2C9DAB56AD6ABC6A76EEDFF699C1587B2884FB407A67264C9870F70D37DCF0AD9CD77BDA69A70D3FF8E083F7E8EECFDF75D75D774C9E3C79C732943B94813EA20CB8E9D000004097B54759374CAE6EAB948238F7016EBA17702B8D45F09D392778B09E8AA910EE2399B75F7E38AA0CE5F1175F7CF1A7468C1851ECB3CF3E4F1F7EF8E13BBEE52D6FD97ED75D77DD63D4A851C357AC58F1C2E2C58B973DF1C4134FDF71C71DAB1E7BECB17DD6AC599329ECFF3C7FFEFC292E8C05000074A3F61897DAA32C664F2F0BE2235E43ED7767B97C7BB0D71E0AE1BE0FE575E587EB264D9AB4E7A38F3E7AFC238F3CF2DEF2EB838B7573F9B33DB62F9715E59289FCB7E7B9F5200300006C56EDB176EDDAE3CB82B8AA3DC6964B6EE89C69D4B9DAF40343ADF65008F793A953A73E537EB8A4BE000000A83DFA88AB46030000104366A054210C000030B864FAF3F8A6C7AE2CD64D87DE98C9E5B2D750288C15C2FD6FE77239BEE9B1639B823BBA5C2EEB46700100003E5CAC3BEFB7D9CA7AFD31BCA1EE38A261195B2F84ABAF2FAA17D5838E7384FBC681E5B25BB9BCA35C72DBA45BEA8F9F5D2E1716EB4E50CFB6A8AECA7658B94C6FF8F914CAD7D7830B0000D09514BA2F97CB9C7A1DB1AC5E478CAD17B77BD58BE42C3FAD3F7F51FD67FF77B9CCAC7FBE4FB97CBEA1465108F39A55BD316BEAC19BD9226845BD583EAE5C8EAC077742B97CB55CF62D97EFD40BE9048FF3AADE000004EE49444154F20756290000D0C2E78A7583686796CBC3F562B755ED51B9B65CFE6FFDF3AA588E0CDA9D5A2ECF0CC695646AF4C030BAFE7161BDC87DA05EF88EAC0778763D9029844F2C97BFB2CA0000801646D56B87E1F522F8B0FAD78BEA1FCF2D361C101D5E2F90B3CC6FFAFC99C1BA928C08F74D91FBBE62DD74844C91DEA3F87D2F4BD5E3F2D172B9B91ED48CF8E61E5E99A2F0423D80CBEA214C20EFAC3F070000A0D997CAE593E5F2B57A2DF258BD089E59FF7E46899BA73BFF55B16E766AEA960CC42D1CEC358742B8F72D2B7E3F1D61783D545508ABE909331B9E9F93D1A7D70BE484764EB16E2478CFFA92C7BF6AB50200002D5C54AF39727E70669A9E5EAC1B74AB8ADF4C79FE60C3F3FFB55CAE2B9769E5F264B16E202EB3546F1ACC2BC9D4E8BEB557BDB0DD54E17C54B16E94F867C5BA9E99510D05F3DE858B66010000ADE50257E715EB06D752FC2EAED715553D31BFE9F9D7D58BE7AF3714C1171783FC8E354684FBD6BB8B75E7FE6ECC9462DDA86FA651A717A7795EFE1AAB110000E8C2A78A7503678F15BF9F797AC446EAC19C337C4DB9DC5B7F6C59BD98BEB6FED8BF159B1ECC5308B3D1405ED8CD423645F021E57241BD10DEB721BC3B5B95000040176EAA17C19561C586A7621ED65057E43EC25FAB17BF515DC437E7148FAB3F77CE605C490AE1BE31BE58779EF09C4DACFF51F5305E5EACEBC5F97CBD009ED510DE03AD4E0000A00B8F357D7D5ED3D75F6D2876A7377D6F62D3D7770FD695A410EE1B5DDDF7F7134D5FAF6CF1DC994D5F5F6275020000BD60C89C86E962590000000C290A61FA4D5B5B5BC7DAB56BAD8801A0BE1D3A64081942866448866448865008432FDA669B6D9E5ABA74A915310094DB615EF9E17E194286902119922119922114C2D08B3A3A3A7EB478F1625DA003C0F3CF3FFF3FC5ABCF47972164081992211992211942210C3D69F5EAD5DF9D3B77EECACECE4E2BA37FAD59B060C1AEE5C7EB65081942866448866448865008432F3AFAE8A31F58BB76ED7DCF3EFBEC1A6BA3FF3CF9E493BFE8E8E898336EDCB8BB65081942866448866448865008432F7BE595574E9D3367CEF2254B965819FD60E9D2A54FCE9D3BF7EDE50EF80C194286644886644886644886182A865905F4A72953A62C3CF9E493EF7DE185178EDD69A79D468D1C3952E74CDF35FA8F3CF8E083A3CA4F3F7DF4D147DF2943C8900CC9900CC9900CC9100A61E823575D75D5EF3EFEF18F3FB060C1820F777676CE2D7700BBB4B5B55931BD67D9E38F3FFE93279F7C72DF34FA471D75D44D32840CC9900CC9900CC9900C319478773160DC72CB2DFBB5B7B75F3C6CD8B00377DD75D727772FEDB2CB2E7B978F0DB776B64CB9435DBC68D1A287E7CD9BF7C28B2FBEB8EFDAB56B9FCEF49F638E39E6611942866448866448866448865008433FBBF5D65B0F6C6B6BFB68F9E911E57270B98CB256B6582EC0F140B1EE9600D70FF60B41C8900CC9900CC9900CC910433D430000000000000000000000000000000000000000000000000000000000000000000000000000000000000000000000000000000000000000000000000000000000000000000000000000000000000000000000000000000000000000000000000000000000000000000000000000000000000000000000000000000000000000000000000000000000000000000000000000000000000000000000000000000000000000000000000000000000000000000000000000009BF4FF013B4C560F32D55C290000000049454E44AE426082, NULL);
INSERT INTO `act_ge_bytearray` VALUES ('ecc2862c-2fe9-11ed-aa68-283a4d3b4979', 1, '请假流程.Leave.png', 'ecc2862b-2fe9-11ed-aa68-283a4d3b4979', 0x89504E470D0A1A0A0000000D49484452000003C20000012E080600000045F2AB7D000000206348524D00007A26000080840000FA00000080E8000075300000EA6000003A98000017709CBA513C0000000467414D410000B18E7CFB5193000000017352474200AECE1CE900000006624B474400FF00FF00FFA0BDA793000000097048597300000EC400000EC401952B0E1B000020004944415478DAEDDD0B945D757D2FF03D93840408AF00922A2A1514B056B808487D149610C0166BAA0809516E6905F4B6BACA1241D682252EBC558A166AE9851A0585C40479F9002B446A40508A84477908426C28900704C88B3C482673F7F7E4EC787238930CC9BC32F3F9ACB5D7CC9C39736666EFEFF9EFFDFBFFFF7BEFA2000000000000000000000000000000000000000000000000000000000000000000000000000000000000000000000000000000000000000000000000000000000000000000000000000000000000000000000000000000000000000000000000000000000000000000000000000000000000000000000000000000000000000000000000000000000000000000000000000000000000000000000000000000000000000000000000000000000000000000000000000000000000000000000000000000000000000000000000000000000000000000000000000000000000000000000000000000000000000000000000000000000000000000000000000000000000000000000000000000000000000000000000000000000000000000000000000000000000000000000000000000000000000000000000000000000000000000000000000000000000000000000000000000000000000000000000000000000000000000000000000000000000000000000000000000000000000000000000000000000000000000000000000000000000000000000000000000000000000000000000000000000000000000000000000000000000000000000000000000000000000000000000000000000000000000000000000000000000000000000000000000000000000000000000000000000000000000000000000000000000000000000000000000000000000000000000000000000000000000000000000000000000000000000000000000000000000000000000000000000000000000000000000000000000000000000000000000000000000000000000000000000000000000000000000000000000000000000000000000000000000000000000000000000060A86BB30A18681E7FFCF14FAE58B1E26FCAE51DCB972F1FBD76ED5A2B654BDFE86D6DC5B6DB6EBB78E4C891F77576765E72C82187FC4886902119922119922119922114C2D0FF0DFEF8975E7AE98AD5AB57EF3276ECD862A79D762A76D86187A2BDBDDDCAD942D9792E5BB6AC58B26449B160C182B51D1D1DB3CBF5FCB10F7CE0030FCA1032244332244332244332844218FAA7D1FFCABC79F3CE7ED39BDED4F6FAD7BFBED66347EF993B776EF1D4534FADDE669B6DFEEA3DEF79CFF76408199221199221199221196228196615D0DF66CF9EFDF5050B169CB9FFFEFBB7EDBEFBEE1AFD3E909EE53163C60C9B3F7FFE874E39E594C7AEBCF2CA4765081992211992211992211942210C7DE037BFF9CD87E6CE9DFBCF69F477DC71C7577D7FF5CA45C573BFFD49B1E0373F289E7BE29662D9F3BF29DA878F2A468EDEC3CADB42DB6CB34DB1CB2EBB0C2BD7FF9F9F74D2493F9A3265CA7332840CC9900CC9900CC9900C311438D9807EB578F1E2C999FED3AAD1EF786559F1D4AFBF592C9E7B5FB1E695976B8FAD5C3AAF98FBF0F78B45CFDE6BE5F580EDB7DFBEF8C33FFCC36DCB9DC0B764081992211992211992211942210CBDEC9E7BEE3972F5EAD5AFCB3930ADBCF8F4DDC59A554B5A7E6FE1EC194567A7AB27F68472FDB70F1B36EC6D3366CC384C86902119922119922119922114C2D08BCAC6E6ACB163C7B675750ECCCA25CF76F9B3E9114D0F293DE30FFEE00FF2E1A332840CC9900CC9900CC9900CA110865EB472E5CA03724B80AE74AE5DB3D19FD703DA7376DE79E75DDADBDB8F912164488664488664488664088530F4A2152B56EC9EABF5D1FF468F1E9D7BEBBD5D86902164488664488664088530F4A2CECECE7637871F200DC1BAED304C86902164488664488664088530F4A311DBEEB2D1EF0FDF66B495840C2143C81032042884193C767EC321C5F091AFBE8D405B5B7B31E6CDEF2BDADA875B49C81032840C2143804298C163DB9DDE5836FE07BFEAF1EC0C5EF7D663AD20640819428690214021CCE053DD38BE51E7DAD5C5DA8E57AC1C640819428690214021CCE06AF0E73D7A43B1F8D95FB7FCDE7FFFEA1BC5B2858F5B51C81032840C2143C06BE6A402069CE52FFD7731F7E16B8B35AB9674F99CD52B1715CF3C7075B1CB9E8716BBED3DAE1836625B2B0E194286902164085008B375E958BDA258F8DF3F2F163D7D77B76F0EFFD233F714CB16FEB6D863DF3F2F46EFBEBF95284332840C2143C810B049A6463360CC7BE4BAE2A5FFF965B71BFD4AAD37F4C1A9C5CA25CF5A89322443C81032840C010A61B61E5B7AC107178C408690216408199221E80E53A31930DEF4AEBFB11290216408194286805E6744180000008530000000288401000040210C0000005B1717CBEA079D9D9DC3EFBBEFBE09F7DF7FFF490B162C3864FEFCF93B2D5DBA74C4CA952B8BE1C38777EEB8E38E6B76DB6DB70563C68CB977ECD8B1FF3061C2845F5B6B0000C0E6983469D29E6BD6AC19DFD6D67678F9E581E532B65C4697CBCA72995FD6270F94DFBB6BD8B061D3A74E9DFA8C42981E2F80CB60FDD397BEF4A5BF59B468D176FBEFBF7F71E49147166F7CE31B8BB2E82D468D1A5594C5705B8AE2A79F7E7ACF871F7E78CFBBEFBE7BFC59679DF55CF9E35FF9C77FFCC74BAC450000A03B264E9C38BEFCF0B71D1D1DEF2F0BDD912D9E32AA5CF62ABFB757F9717CF9BC8B264C9830B3FCFADBD3A64D9BA210668BDD78E38D475E70C1053F2C8BDCEDCB7015071C7040316CD8B05727B12C86B3ECBEFBEEC541071D549C7CF2C9C5830F3EF8BA6BAEB9E69F3EFBD9CF9EB16CD9B2A3AFB8E28AC7AD510000A095B2DE48617B596767E7B19BF1E347943F7744F91AA79785F129D75E7BED930A6136CBD4A953A7FCF4A73F3DE9B8E38E6BFBE0073FD8B200DE9814CDE5D276CB2DB7BCE9FAEBAF7FE8AC92D1610000A0D989279E38A1ADADEDD2B298DDB57A2CF5C73BDEF18EE2DDEF7E77B1CF3EFB143BEFBC73B1C30E3B14CB972F2F162D5A54CC9933A7B8E79E7B8AFBEEBBAF58BD7A75F563EF2B7FEEFE8913277E7A308E0E2B847BD90F7FF8C3AB7FF6B39F4DFADCE73E57BCF5AD6FDDA2D73AE698638AFDF6DB6FC445A5B3CF3E7BBB0B2FBCF01FAC610000A05E041F5716C157E794CCAA00CE40DCD1471F5D9B71DA6CBBEDB6AB2DAF7FFDEB8BF7BCE73DB5A2F8E69B6F2EFEFDDFFFBDE8E8E8C8534697AF7575590C8F2A8BE16F0DA675E5AAD1BD68F2E4C997CE983163D279E79DB7C54570E5CD6F7E73F1C52F7E71F8D2A54BCF3FEDB4D33E692D030000F591E01B8BFA60678ADBAF7CE52BB95056CB22B8958C14E7F9F9B95CC7A85216C393CB62F8E30A613629E704DF7BEFBDFFE7B39FFD6C5B7783D75D79BDB3CE3A6BC49A356BFEB90CE47ED63600000C5D3927B8BDBDFDD2AA08DE77DF7D8BF3CF3F7F8362F6B5C8CFE5E7FFF88FFFB8B118BE6C30D51E0AE15E326BD6AC6B734E704F8D0437CBC8F009279CB05DE91A6B1B000086AEB6B6B6C9D539C11909CE69993907784B64CAF4DFFFFDDF3716D399263D59214C972EBDF4D27357AD5AB54BCEE9ED4D79FD1D77DC71EFC1364D010000E89EDC22A92C508FCAE7392738C5EB9616C18DC5F0673EF399C68BFDBE6FB0D41E2E96D50BE6CF9F7F466E913462C4885EFF5DA79C72CAF6DFF8C637CE2E3FEDF32BB995FFE3B96D6D6D0FCF9B37EFA6993367AEB1E591216408194286A0CF33F4B7D527B930D6E64E87EE4A5EEFB8E38ECB45806B5F9745F7E9FD517B288407B8EF7EF7BBFFEBD7BFFEF52EB9E5515FC8BCFDE1C387BF29E7054C9F3E7D4E1FFFBB17946F8462ECD8B12F9F78E2893F686F6F9FB266CD9A3BAFBDF6DA65FDB1EE731EC317BEF085DA7D985BF9C94F7E52FB5EB9BE5EF5BD5C21AFFCDB8B8F7CE4231B3C7ED5555715279D7452B16CD9B262F1E2C51B7CEFAEBBEE2AF6DC73CFE24FFFF44F6B5FCF9E3DBBF63ABBEDB6DB06CF7BEAA9A78AEDB7DFBE78D7BBDED5E5DF9EBF2DDFDF638F3D36FA9CFCEDB9EADF238F3C523BF7235FE7F33FFAA33FDA5ADF32FD9EA1FFFCCFFFAC6DC737BCE10DDD7A7E32919C8C1E3DBA5BCFBFE1861B8ABFF88BBF7855EE9E7DF6D98DFECEE4B1F9675A3D264303A71D4A36F6DA6BAFF56DC2A6240393274FAEB55DDDD9C6DFFCE6378B0F7FF8C31BDDC6316BD6ACE2E5975FDEE0B1679E79A6968F6C73EDD0D0CB907668681D0F356FAFECE7DEFBDEF7AE6F1F5E78E185DAFAB7CF1A78192AD7C7F2F298FEA6B228BEB2BB199A3469D29E1D1D1D47E4F3EA0AD1BDE1D8638FAD6D93FAAD95DED74FB5874278207BEEB9E7FEF6C0030F6C7BADF70ADE12871C72C89A1933661C5F7EFAB57EFAB7B72FDFB093CA37F0A4F2FF5E52BE317E587EFDBD912347CEFCCE77BEB3B2377E618ACB2C9514AA8F3FFE78EDFE67317FFEFCDAF73FFFF9CFAF7FCE8D37DE589C7BEEB9B5F3AB9BDD71C71DC57FFCC77F6C5008A7B0BDFAEAAB6B8570AC5CB9B256487FF2939F2CBEF5AD6FD5762ACD45F7B469D36AD3479A0F4A9B0F3EF35A29ACAB1D401AF4EF7DEF7BC519679CD1E54E67E1C285EB3FFFEA57BF5A5BF2FDFC4F975F7EF9260F8E07B83ECF5025EB7EE2C489C58F7FFCE35A6652306427BBDF7EFBD53A3BD2A9F5677FF667EB9F9F6D9E83CE2CBFFCE52FD7672099CB366BDC86F9F964320715D50E3DCFBFFDF6DB8BDFFDEE77C595575EB94106AB0387071F7CB0F631F7FACB7DFD9295FC1DFFF22FFF52943B45191A6019AAFCE217BFA865A8AB222607A3AB56AD5AFF7595996ADB679B5E7CF1C545F9F7B6DC1679FDD34E3B6D8376AF55874CB276F2C9276FD0D65D70C105B53C6987865E86B443432B43AF3AD02FB777F290ED947D59F6759FFEF4A75B3E7773B2521DE7240BD9FE19109095CD57E665BBF2C30965864E2833B4AC3C3EB9A9FCFABB1BCB50F93E1D5FFE5CADA6CB7A1F33664CAFFC6DB99AF441071D546B87EAFAB3F650080F444B962C39FCFDEF7F7F9FFECEB2F01E533652E3064818772C974F946FE04F948DDECAF20DFCFDD4A03D3D5D68A79D76AA358069A4B3E44DF9F6B7BFBD76E0971DF7AEBBEEFAAA83BEEA20A2B180AE6487FF96B7BC6583C752047FED6B5FAB153CA79E7AEAFA5ECD7C9EDF939D40EEB7D6B8B34923DFFCFAE9798DEC1CD288447634F99DD5CC811C64ECBDF7DEEB772C69FCF3FB5358E775B373C8EB6447921D47764CD5CE2223D059171BEB79DDCAF44986B2AE1F7BECB1DABACCC14176D85987D926792C07A2CD1D1B175D74514E47A87D3F0548638F7A5E2F9D318D72C091FC247779DD6CB3FC8E8CE05C76D9651B3C37DFCBC144B6753A6472C0511D0C271FF93C99A8C850FF67A8AB0385AEA44D4A3B904EB6ACF37498A62DAB0AD6E424F76D6C940EBA6A9B649B56DB370550F276CE39E7B4DC66E9D06994B6A9F97932343432A41D1A7A196A94BC7CE2139FA86565C18205C53BDFF9CEDA315232946DD59359C9CFE41848567A4C2E4C35A1FC38A15C0FAB264C98707D59F05EDB9CA1F2B1C3ABCF0F3DF4D05EFD83F2FA0D85F0E10A6136F0FCF3CFEFD16AC4B13765DE7E4747C73B07E0EA1855BE814F2E3F9E3C76ECD8F48CDE5ABE59BFDD133DA33950C89291BC4C01496399C224BD96F7DD775FAD81CC0162B34CC3C94E21D3069F7CF2C9E2BFFEEBBF6A8D6B760E29721A7B25D3F8967F77ED777CEC631FAB35C0E9B9CC6369B8737FB534D88D072D8D072495EC0CD2D8672750154ED91964C75135EAF95DD9A1547F734624D38B5A35F0F97E6D85967F6B46A27FFEF39FD71ECBDF5D49C196BFF3031FF8C0607A4BF55A86B25D524C641B649DA6873C070055319BF59BAB2E368EB8255B996590DEF24DC9F4B2BFFCCBBFAC6DC34B2EB9A4D6931D679E7966ED4024AFDFF8DAC94895BB6428072DC959B292EDDCD8FB2E43032343CD92A7F4966F4C0AD256334722B3564E38E1840D1EABB645B2911194EE4C994D26D22696FB85F58FB51A3991A1C19F21EDD0D0CB50B374F466BBA73DC8F64A1199C236FBB37CECC9ACA440CAB694955E31B25C4E2A737452D99E2F2D8F4D6F2BBFFEB764A85C2F07564F6A1ED4E9693975A3C1815BFB4A5508F7B0E5CB976FB7B1DEDCDE9069526503B77BD9B09E3FC07B468F2FDFC0C7A7212BFFD6D9CF3FFFFC9607B86C300F3FFCF00D1ECB01607A3BBB7A7E1AD5AA27FDD1471FAD1540698C1B0F1AB343A8CE394E239D91E1F454E620343B85144339AFB4715B7735229CDF97C7B2C3A90AE134DE1981CC8E243B96145F29CEAB1D47E374A2C8D4EAAA072ED32123CF4D6F68A4B774DCB8715BB433C8EB0EB50CE50021DB779F7DF6A9ADBFACCF6A9D66FDFEF55FFFF5865DB3DD3C2F38EB32BDE3D941674A5A661164E79FCE931C086426413A55CA1D58ED60A3B1473BFF5BF25715EBD1AA775D86064E3B54C9015A3AC3BA9AB2DC58C8A44D48D1D3D86634FE4CFEBE6C9F6AEA7DDAA86CABE683CB64A2F1948F5B6FBD757D6761A38C24A63DCBA84EF53D191ADC19D20E0DCD0C35CB354A5A75A0354E3BDE92ACC48F7EF4A3F5ED4C5723C25B9295C6FD724F66A595AC9774120CE40CB5B5B5ED50E6677CF9E9F87A87C1DAEA7BBD5D8334BDFE6E0A6136F0CA2BAF0CEBEA624DBDE5EEBBEFCE879C94FCC5AD6855ED9D11D28F7EF4A37DFA4B332A928B91E4FCB94639D7338D6EBE9F46B09AFE9A863C8D6E7AE8AB063D0D78ABD195EC34D29B9A1D402523CE69E8FFE44FFEA4564037CAC8744678AA03D86AC7511DDC363FF757BFFA556D67555DF0A22AAAF3DC740674F7624F5DF9ED6F7F5B0CA50C5D71C515B59DF921871C52BB0A62B6770EFCB253C9F6CDFACC36D99CF59A8C64BBA4B73C07B6D9F1E7B5732051B50FD9E9A730A92EB0D638EA92F393D331B3B19118191A58ED50D66FB67B75DE5BE3B9BC8D3265F9431FFA50971D75D554BFE4A471EA7D66BBE420B5DA7695E603DCEA8280793CF94BCEAA919D6CE7E68324191ABC19D20E391EEA8D7D56061BB28F6CCC45B661B2B2B111E1CDCD4AF6C9D580474F67A5959CA77FFFFDF76F6D195A7F3BDC9EBA655257722BA5C65D8E42980D8C1831624DF9A61DDE97C5F061871D565C7FFDF519CEFC721FFFBBDD69243A3A4BD549FC0DBD59BF3BF8E083B778FE461AC856E7E4B61A114EA39AED9206BCB9273D8D6975B5E77CCC7333B292CFBFFFFDEFAF9FA2138DD3722AD979E4E0A3F92A86F97D390F27E7C4E4C20ED5F9A795EC68F2B766C75D9D4BDCEAB5737E4F8AF114D4CDE7F46407D6133B83B7BDED6D69FCBF34543294D1DE5C5426EBBF9A1E9F1D72665864E79C6D99E9F2D966DD1D096E943C64AA572EB6960C645A7E3A5CAA919E1CCCE65C9B2A77CDA32EAD1E6B75113E19EAFF7628722E6FB651F292C233F96A75EE5A464CAAC7D3F66454A4DACE1991C9056A32FAD27CF5F9193366D4B651B254B57DD96ED5C5FC5AA99EBB2932347833A41D1A5A196A25FBB714A52952B3FD939D5C1FA3F934AEC6AC645B7795956A20A03917F9F94CA1CE4CBB9ECE4AF3DFDA53596925D7F9C9FB6A8066686D19A1B52D3294C76BC5F0D2A54B7BB5185EBE7CF90687E10A619A7B4A5E2E8BA89D721E695FC95495F24DB060DAB469E7F7E5FF3A61C284966FDAF2CD98792B79A36E537E1C567ECC638BCA8F3F2B97A9E5DFFBD39C1353EEE43BB7F46FC8E846F38848E3886C73239F2B22365E71B392063F5783AE464CB264BA4D7618F9994C85CEB9C2D5FA6E5590E7B93900C98E20D3A61B774279BDF4A456537A2A9972545D782B7F7735529D1EC94A1AFB14E51921D854A740F5FB3647762CD3A74F1F5219CA0EBB3A472A57D5CDC16076C095ECF0B34D9BCFDBEC8E4CB9CECF67BDE6A03419C8AC83FC9E6CE78D4DE74A2F7B2EFED6BC7D5B1D34C850FFB743550192CEAEC8685D669E344EADCFBACD73324DB1B1D32EB346F2DCAAA849275C32D85C08E79CD0C603BF4C876E752E6963A75D0E7CD31EB5FA9E0C0D8D0C69878656869A250F5FFEF2976B056E4E05CA71482E8895E3A66A0654B59E739C93E398C6E39FEE66A5BA3B4663BBB53564A595FC0F695BCF3EFBEC0191A12A47F5E2B7BDFCD8DE9CA1723D3C547E6F9F3C37EFFFDE2C84F3FA0D162A8469EE79FB4DD9F01CD69785F0ECD9B39F29DF140FF4F3BFFE4A7A3BCB65DB869EAA9C00F4D372B966DB6DB7FD59D9D82FEA8D3764F3F49BF432A647B8B97731BDCF99BA93F3AFF279D55399063CA37FD9668DD306732E5D0E38D24867879003CF6A343807088D17D7AA7AB6D3C0E7E25D39BFA4DA095517926896863EAF93E7344F3B6B3C78ADBD515B8C0AE475ABF372223F9FC736769FD001AE5F32D46A3D57DB22D3B236F77E7CC94F354D312336F9D85CDC3476D2A4E73D0726C960A67C25B339C0CD014CFE9E4C9DCBF71AAF922943032343D9D6392DA22A5433A292AFB31EABE99F3950CBF508D2B192D928ADB6470A96E6D336D61F6D2C5C581B99C96B669B659A74ABFBD5A77DABAEF49A4CE5A23739A04C1BF7A94F7D4A3B34C432A41D1A9AFBB2AACDC8B64C477F66032453693722B30FD226A4B84D9EB24DD329DC989564A9ABAC440609F2FAE978C82C85FCBEFC9CACF4888CF0AE2EF3531B79A9E7A8CB0C9545F40355219CDB5CE522BABDA569B0E981AD7D452B847B58F986FFF1430F3D7468D928B4F7D5EF2C1B9B97CA0FB7F7F3BFBE4D43637F5DB9DC5CEEB46FEAEDAB216E6C44388D65353DECB6DB6EAB1D4054A37D99EE9CE234C56D1AFBC62B2756F2FCF4CA6774378D771ADA4C57AB0AE25C4C22E7FD36DEA629AF95C7D3C8E7A035072B5D69BE1053ABA968958CEC344EF9CE6BA7F736C5786E95911D411EAB6E38BF95EAF30C65FB54232939D86BDC8EE9044987CAA6AE105D5DD4A8F1C223D9F1E7C220D95EB982E391471ED9F28022070D794E729C7340B34DAB03E1AAF32407035536F2FCEA5C3E191A1819CAB9E6596FCDF7E5BCF4D24B6B53ECD23996EF559D651995A92ECA9676243F5B152ECD53451BA5E8CDE848DAA08CD27595CBB44779ED8CFC54B77ACB36CFA850F293F6ACB1634E86066F86B44343EB78A859A616E778A5B1A0AC729242386D4466BA55597A2D59C9F752E8E6F59B9FD798951C0B25A3559E64A5DBDAEB4570B7325416CDB797CF3FBE5E13BCEA22B23D5C73347E79FBD6BEA215C23DACDC395C356BD6AC734F39E5946D5B9D1BD11BEEBFFFFE5DEB6F947E91291AE58799EDEDEDD50DBF7BB5A7B3F16AAA19AD6B1E11AE1AE56A7A589E97D1DEEA52FFE9BD6CEC314F43DD381DB6B131CF81487A2DB3D3C8ED96B2E3A8AE3A9D2B49A7806EBE5F710E58F237E68022579ECE34A46EE466A3F7C2CB74EE4C89CB7982918B79A5C8CFDF921D59353ADD7C219DAD455F67A8921D6F958514088D530ED38B9E6553B20D92AD6C83141B5576728050EDFCB3434F8F7C1E4F4193CFAB298C29BA93A1F3CE3B6FFD6BA697BDCA71B2545DC4A67A7EAB031419EAFB76281D6A8D23768DB2ED33D52F2372D5D5711B651B671AECDFFDDDDFAD7F6C53EB3E233A298053E06634A6F9F9C9403A74722E5F2E7253E52F6D5E0AE8FCCE740A361F8CCAD0E0CC907668E8ECCB5AA9EE279D6D97532BD26E34CA35521A6FC1F55AB2926D9F36A63B594921DBEA7CDEA19E959ECC50B91E7FD0D1D171713ECD31EB8B2FBE588C1933A6376A9CF5331EEBAEDBDAD7779BD2B5E79D7EFAE9F79E76DA69EFDAD4BD007BA867E6E18B2FBE78F1F4E9D3DFD7D7FFE7840913CE6D6B6B9B53BE51AFDB9C9ECEB271EBECCE3D31B754776EB85E9DBBDBD5549C3CDED5F736766E4A776FF6BEA9D7792DAFB5B9B2D31A376E5CDB50CF500E38ABABF66E4D646860B7433DBD3D5A6DEFEE64408664483B2443B232F8323471E2C41965117D543E3FEEB8E38A499326F5F8DF58D61AB5BB6CD4DD597EFDFEAD3D8746847BC192254BBE7CD555574D39E08003B6EFED51E1CB2FBF7C78F9C6B9BC3FFECFF20DF0E5AD22E4DD684437F69C8D35D49B6AC4BBDB8077E7E075201DEC0CE60C6DCE15A2070219DA0A77C05BB03D5A6DEF2DEDBC91A1A19521ED900CC9CAA0CAD0BF964BAD10CE6C8074ACF4E4B9C24F3FFD7471D34D37ADFFBAAC3DFE6D30ACF7766FC59E376DDAB41F2C5EBCF8919B6FBE79556FFE9EB2D8BE63C58A150BE7CD9B37DD5A070080A1597B941F66E6F35C1836174ACCAD947A426E9994FB48E775EBEE1C2CB58742B897AC5CB9F2C41B6EB861E5134F3CD1D11BAF3F7BF6EC39B7DC72CB7E6D6D6DA7CE9C39738D350E000043D62945FD964673E7CE2DBEFEF5AF6F71319C223845754684EB960DA6DA4321DC4BA64F9F3EA72C863F75E185172E7DFEF9E77BF4B5172C5830FFFCF3CF1FD1D9D9F9B969D3A63D666D0300C0D0AE3DCADA205740AB15A9B9CA772EDADA50C4BE26F9B9FCFC430F3DB4FEB1B208FEF460AA3D14C2BDE89A6BAE99FEF2CB2F9F71CE39E7BCD45323C3E5EB3C7AE6996776AC5EBDFAD2328853AC65000020B547F9E1D4AA18CEC87059871453A74EAD5DF5B93BF2BC5C182B3FD758449745F63983ADF670B1AC5E5606E93B279E78E2CAF3CF3FFFFF7DE4231F593D7EFCF8D76DE605B4D67CFBDBDF9E71DB6DB71D5406F10B65D0BF63ED020000CDB547F9E9656D6D6D3BE7DCDE5CE82A17D1CAEDB00E3DF4D0DAFDA273EFF01D76D8A136FD39C56FEEEB3C6BD6AC2C9DAB56AD6ABC6A76EEDFF699C1587B2884FB407A67264C9870F70D37DCF0AD9CD77BDA69A70D3FF8E083F7E8EECFDF75D75D774C9E3C79C732943B94813EA20CB8E9D000004097B54759374CAE6EAB948238F7016EBA17702B8D45F09D392778B09E8AA910EE2399B75F7E38AA0CE5F1175F7CF1A7468C1851ECB3CF3E4F1F7EF8E13BBEE52D6FD97ED75D77DD63D4A851C357AC58F1C2E2C58B973DF1C4134FDF71C71DAB1E7BECB17DD6AC599329ECFF3C7FFEFC292E8C05000074A3F61897DAA32C664F2F0BE2235E43ED7767B97C7BB0D71E0AE1BE0FE575E587EB264D9AB4E7A38F3E7AFC238F3CF2DEF2EB838B7573F9B33DB62F9715E59289FCB7E7B9F5200300006C56EDB176EDDAE3CB82B8AA3DC6964B6EE89C69D4B9DAF40343ADF65008F793A953A73E537EB8A4BE000000A83DFA88AB46030000104366A054210C000030B864FAF3F8A6C7AE2CD64D87DE98C9E5B2D750288C15C2FD6FE77239BEE9B1639B823BBA5C2EEB46700100003E5CAC3BEFB7D9CA7AFD31BCA1EE38A261195B2F84ABAF2FAA17D5838E7384FBC681E5B25BB9BCA35C72DBA45BEA8F9F5D2E1716EB4E50CFB6A8AECA7658B94C6FF8F914CAD7D7830B0000D09514BA2F97CB9C7A1DB1AC5E478CAD17B77BD58BE42C3FAD3F7F51FD67FF77B9CCAC7FBE4FB97CBEA1465108F39A55BD316BEAC19BD9226845BD583EAE5C8EAC077742B97CB55CF62D97EFD40BE9048FF3AADE000004EE49444154F20756290000D0C2E78A7583686796CBC3F562B755ED51B9B65CFE6FFDF3AA588E0CDA9D5A2ECF0CC695646AF4C030BAFE7161BDC87DA05EF88EAC0778763D9029844F2C97BFB2CA0000801646D56B87E1F522F8B0FAD78BEA1FCF2D361C101D5E2F90B3CC6FFAFC99C1BA928C08F74D91FBBE62DD74844C91DEA3F87D2F4BD5E3F2D172B9B91ED48CF8E61E5E99A2F0423D80CBEA214C20EFAC3F070000A0D997CAE593E5F2B57A2DF258BD089E59FF7E46899BA73BFF55B16E766AEA960CC42D1CEC358742B8F72D2B7E3F1D61783D545508ABE909331B9E9F93D1A7D70BE484764EB16E2478CFFA92C7BF6AB50200002D5C54AF39727E70669A9E5EAC1B74AB8ADF4C79FE60C3F3FFB55CAE2B9769E5F264B16E202EB3546F1ACC2BC9D4E8BEB557BDB0DD54E17C54B16E94F867C5BA9E99510D05F3DE858B66010000ADE50257E715EB06D752FC2EAED715553D31BFE9F9D7D58BE7AF3714C1171783FC8E354684FBD6BB8B75E7FE6ECC9462DDA86FA651A717A7795EFE1AAB110000E8C2A78A7503678F15BF9F797AC446EAC19C337C4DB9DC5B7F6C59BD98BEB6FED8BF159B1ECC5308B3D1405ED8CD423645F021E57241BD10DEB721BC3B5B95000040176EAA17C19561C586A7621ED65057E43EC25FAB17BF515DC437E7148FAB3F77CE605C490AE1BE31BE58779EF09C4DACFF51F5305E5EACEBC5F97CBD009ED510DE03AD4E0000A00B8F357D7D5ED3D75F6D2876A7377D6F62D3D7770FD695A410EE1B5DDDF7F7134D5FAF6CF1DC994D5F5F6275020000BD60C89C86E962590000000C290A61FA4D5B5B5BC7DAB56BAD8801A0BE1D3A64081942866448866448865008432FDA669B6D9E5ABA74A915310094DB615EF9E17E194286902119922119922114C2D08B3A3A3A7EB478F1625DA003C0F3CF3FFF3FC5ABCF47972164081992211992211942210C3D69F5EAD5DF9D3B77EECACECE4E2BA37FAD59B060C1AEE5C7EB65081942866448866448865008432F3AFAE8A31F58BB76ED7DCF3EFBEC1A6BA3FF3CF9E493BFE8E8E898336EDCB8BB65081942866448866448865008432F7BE595574E9D3367CEF2254B965819FD60E9D2A54FCE9D3BF7EDE50EF80C194286644886644886644886182A865905F4A72953A62C3CF9E493EF7DE185178EDD69A79D468D1C3952E74CDF35FA8F3CF8E083A3CA4F3F7DF4D147DF2943C8900CC9900CC9900CC9100A61E823575D75D5EF3EFEF18F3FB060C1820F777676CE2D7700BBB4B5B55931BD67D9E38F3FFE93279F7C72DF34FA471D75D44D32840CC9900CC9900CC9900C319478773160DC72CB2DFBB5B7B75F3C6CD8B00377DD75D727772FEDB2CB2E7B978F0DB776B64CB9435DBC68D1A287E7CD9BF7C28B2FBEB8EFDAB56B9FCEF49F638E39E6611942866448866448866448865008433FBBF5D65B0F6C6B6BFB68F9E911E57270B98CB256B6582EC0F140B1EE9600D70FF60B41C8900CC9900CC9900CC910433D430000000000000000000000000000000000000000000000000000000000000000000000000000000000000000000000000000000000000000000000000000000000000000000000000000000000000000000000000000000000000000000000000000000000000000000000000000000000000000000000000000000000000000000000000000000000000000000000000000000000000000000000000000000000000000000000000000000000000000000000000000009BF4FF013B4C560F32D55C290000000049454E44AE426082, 0);
INSERT INTO `act_ge_bytearray` VALUES ('ecc2862d-2fe9-11ed-aa68-283a4d3b4979', 1, '请假流程.bpmn20.xml', 'ecc2862b-2fe9-11ed-aa68-283a4d3b4979', 0x3C3F786D6C2076657273696F6E3D22312E302220656E636F64696E673D225554462D38223F3E0A3C62706D6E323A646566696E6974696F6E7320786D6C6E733D22687474703A2F2F7777772E6F6D672E6F72672F737065632F42504D4E2F32303130303532342F4D4F44454C2220786D6C6E733A62706D6E323D22687474703A2F2F7777772E6F6D672E6F72672F737065632F42504D4E2F32303130303532342F4D4F44454C2220786D6C6E733A7873693D22687474703A2F2F7777772E77332E6F72672F323030312F584D4C536368656D612D696E7374616E63652220786D6C6E733A7873643D22687474703A2F2F7777772E77332E6F72672F323030312F584D4C536368656D612220786D6C6E733A61637469766974693D22687474703A2F2F61637469766974692E6F72672F62706D6E2220786D6C6E733A62706D6E64693D22687474703A2F2F7777772E6F6D672E6F72672F737065632F42504D4E2F32303130303532342F44492220786D6C6E733A6F6D6764633D22687474703A2F2F7777772E6F6D672E6F72672F737065632F44442F32303130303532342F44432220786D6C6E733A6F6D6764693D22687474703A2F2F7777772E6F6D672E6F72672F737065632F44442F32303130303532342F44492220747970654C616E67756167653D22687474703A2F2F7777772E77332E6F72672F323030312F584D4C536368656D61222065787072657373696F6E4C616E67756167653D22687474703A2F2F7777772E77332E6F72672F313939392F585061746822207461726765744E616D6573706163653D22687474703A2F2F7777772E61637469766974692E6F72672F70726F63657373646566223E0A20203C62706D6E323A70726F636573732069643D224C6561766522206E616D653D22E8AFB7E58187E794B3E8AFB7E6B581E7A88B2220697345786563757461626C653D2274727565223E0A202020203C62706D6E323A73746172744576656E742069643D227369642D33414146303639432D394431462D343130392D423544302D46364634384644333646343422206E616D653D22E5BC80E5A78B223E0A2020202020203C62706D6E323A6F7574676F696E673E7369642D32414546313533312D384330342D343737342D383243372D3832454433413742314336423C2F62706D6E323A6F7574676F696E673E0A202020203C2F62706D6E323A73746172744576656E743E0A202020203C62706D6E323A757365725461736B2069643D227369642D42394239423831362D443945332D344130442D393741322D43353034303734433744463722206E616D653D22E79BB4E5B19EE9A286E5AFBCE5AEA1E689B9223E3C2F62706D6E323A757365725461736B3E0A202020203C62706D6E323A73657175656E6365466C6F772069643D227369642D32414546313533312D384330342D343737342D383243372D3832454433413742314336422220736F757263655265663D227369642D33414146303639432D394431462D343130392D423544302D46364634384644333646343422207461726765745265663D227369642D42394239423831362D443945332D344130442D393741322D433530343037344337444637223E3C2F62706D6E323A73657175656E6365466C6F773E0A202020203C62706D6E323A757365725461736B2069643D227369642D32444341443441392D464145392D343034342D423742352D42424144434134333739323922206E616D653D22E983A8E997A8E7BB8FE79086E5AEA1E689B9223E3C2F62706D6E323A757365725461736B3E0A202020203C62706D6E323A73657175656E6365466C6F772069643D227369642D44323034434141442D344337442D344144422D384334412D4444434242463932353841432220736F757263655265663D227369642D42394239423831362D443945332D344130442D393741322D43353034303734433744463722207461726765745265663D227369642D32444341443441392D464145392D343034342D423742352D424241444341343337393239223E3C2F62706D6E323A73657175656E6365466C6F773E0A202020203C62706D6E323A757365725461736B2069643D227369642D39353034313635392D393231432D343634372D414137452D30303744443533323937424122206E616D653D22E4BABAE4BA8BE4B893E59198E5AEA1E689B9223E3C2F62706D6E323A757365725461736B3E0A202020203C62706D6E323A73657175656E6365466C6F772069643D227369642D36393032324245422D303645392D343232352D394142362D4438364245453542363634322220736F757263655265663D227369642D32444341443441392D464145392D343034342D423742352D42424144434134333739323922207461726765745265663D227369642D39353034313635392D393231432D343634372D414137452D303037444435333239374241223E3C2F62706D6E323A73657175656E6365466C6F773E0A202020203C62706D6E323A757365725461736B2069643D227369642D45363338343437322D444644312D343737362D383343422D31463837333339363142454522206E616D653D22E4BABAE4BA8BE7BB8FE79086E5AEA1E689B9223E3C2F62706D6E323A757365725461736B3E0A202020203C62706D6E323A73657175656E6365466C6F772069643D227369642D44393239454544392D393445382D343339382D383334342D3937414432363534374341352220736F757263655265663D227369642D39353034313635392D393231432D343634372D414137452D30303744443533323937424122207461726765745265663D227369642D45363338343437322D444644312D343737362D383343422D314638373333393631424545223E3C2F62706D6E323A73657175656E6365466C6F773E0A202020203C62706D6E323A757365725461736B2069643D227369642D32423533363346342D443541302D343143342D423632362D45343937363537443231453422206E616D653D22E680BBE7BB8FE79086E5AEA1E689B9223E3C2F62706D6E323A757365725461736B3E0A202020203C62706D6E323A73657175656E6365466C6F772069643D227369642D34453335463344422D424630322D343639372D393738312D3835384335393239333738412220736F757263655265663D227369642D45363338343437322D444644312D343737362D383343422D31463837333339363142454522207461726765745265663D227369642D32423533363346342D443541302D343143342D423632362D453439373635374432314534223E3C2F62706D6E323A73657175656E6365466C6F773E0A202020203C62706D6E323A656E644576656E742069643D227369642D43394146323239352D353141352D343443382D414632302D41413434423634343638343322206E616D653D22E7BB93E69D9F223E0A2020202020203C62706D6E323A696E636F6D696E673E7369642D42323745383235452D453331332D343135392D423332332D3743423837374545454331373C2F62706D6E323A696E636F6D696E673E0A202020203C2F62706D6E323A656E644576656E743E0A202020203C62706D6E323A73657175656E6365466C6F772069643D227369642D42323745383235452D453331332D343135392D423332332D3743423837374545454331372220736F757263655265663D227369642D32423533363346342D443541302D343143342D423632362D45343937363537443231453422207461726765745265663D227369642D43394146323239352D353141352D343443382D414632302D414134344236343436383433223E3C2F62706D6E323A73657175656E6365466C6F773E0A20203C2F62706D6E323A70726F636573733E0A20203C62706D6E64693A42504D4E4469616772616D2069643D2242504D4E4469616772616D5F4C65617665223E0A202020203C62706D6E64693A42504D4E506C616E652062706D6E456C656D656E743D224C65617665222069643D2242504D4E506C616E655F4C65617665223E0A2020202020203C62706D6E64693A42504D4E53686170652062706D6E456C656D656E743D227369642D33414146303639432D394431462D343130392D423544302D463646343846443336463434222069643D2242504D4E53686170655F7369642D33414146303639432D394431462D343130392D423544302D463646343846443336463434223E0A20202020202020203C6F6D6764633A426F756E6473206865696768743D2233302E30222077696474683D2233302E302220783D2238342E31393939393939393939393939392220793D223139372E30223E3C2F6F6D6764633A426F756E64733E0A2020202020203C2F62706D6E64693A42504D4E53686170653E0A2020202020203C62706D6E64693A42504D4E53686170652062706D6E456C656D656E743D227369642D42394239423831362D443945332D344130442D393741322D433530343037344337444637222069643D2242504D4E53686170655F7369642D42394239423831362D443945332D344130442D393741322D433530343037344337444637223E0A20202020202020203C6F6D6764633A426F756E6473206865696768743D2238302E30222077696474683D223130302E302220783D223135392E322220793D223137322E30223E3C2F6F6D6764633A426F756E64733E0A2020202020203C2F62706D6E64693A42504D4E53686170653E0A2020202020203C62706D6E64693A42504D4E53686170652062706D6E456C656D656E743D227369642D32444341443441392D464145392D343034342D423742352D424241444341343337393239222069643D2242504D4E53686170655F7369642D32444341443441392D464145392D343034342D423742352D424241444341343337393239223E0A20202020202020203C6F6D6764633A426F756E6473206865696768743D2238302E30222077696474683D223130302E302220783D223330342E322220793D223137322E30223E3C2F6F6D6764633A426F756E64733E0A2020202020203C2F62706D6E64693A42504D4E53686170653E0A2020202020203C62706D6E64693A42504D4E53686170652062706D6E456C656D656E743D227369642D39353034313635392D393231432D343634372D414137452D303037444435333239374241222069643D2242504D4E53686170655F7369642D39353034313635392D393231432D343634372D414137452D303037444435333239374241223E0A20202020202020203C6F6D6764633A426F756E6473206865696768743D2238302E30222077696474683D223130302E30303030303030303030303030362220783D223434392E322220793D223137322E30223E3C2F6F6D6764633A426F756E64733E0A2020202020203C2F62706D6E64693A42504D4E53686170653E0A2020202020203C62706D6E64693A42504D4E53686170652062706D6E456C656D656E743D227369642D45363338343437322D444644312D343737362D383343422D314638373333393631424545222069643D2242504D4E53686170655F7369642D45363338343437322D444644312D343737362D383343422D314638373333393631424545223E0A20202020202020203C6F6D6764633A426F756E6473206865696768743D2238302E30222077696474683D223130302E302220783D223539342E322220793D223137322E30223E3C2F6F6D6764633A426F756E64733E0A2020202020203C2F62706D6E64693A42504D4E53686170653E0A2020202020203C62706D6E64693A42504D4E53686170652062706D6E456C656D656E743D227369642D32423533363346342D443541302D343143342D423632362D453439373635374432314534222069643D2242504D4E53686170655F7369642D32423533363346342D443541302D343143342D423632362D453439373635374432314534223E0A20202020202020203C6F6D6764633A426F756E6473206865696768743D2238302E30222077696474683D223130302E302220783D223733392E322220793D223137322E30223E3C2F6F6D6764633A426F756E64733E0A2020202020203C2F62706D6E64693A42504D4E53686170653E0A2020202020203C62706D6E64693A42504D4E53686170652062706D6E456C656D656E743D227369642D43394146323239352D353141352D343443382D414632302D414134344236343436383433222069643D2242504D4E53686170655F7369642D43394146323239352D353141352D343443382D414632302D414134344236343436383433223E0A20202020202020203C6F6D6764633A426F756E6473206865696768743D2232382E30222077696474683D2232382E302220783D223838342E322220793D223139382E30223E3C2F6F6D6764633A426F756E64733E0A2020202020203C2F62706D6E64693A42504D4E53686170653E0A2020202020203C62706D6E64693A42504D4E456467652062706D6E456C656D656E743D227369642D32414546313533312D384330342D343737342D383243372D383245443341374231433642222069643D2242504D4E456467655F7369642D32414546313533312D384330342D343737342D383243372D383245443341374231433642223E0A20202020202020203C6F6D6764693A776179706F696E7420783D223131342E31393939393939393939393939392220793D223231322E30223E3C2F6F6D6764693A776179706F696E743E0A20202020202020203C6F6D6764693A776179706F696E7420783D223135392E322220793D223231322E30223E3C2F6F6D6764693A776179706F696E743E0A2020202020203C2F62706D6E64693A42504D4E456467653E0A2020202020203C62706D6E64693A42504D4E456467652062706D6E456C656D656E743D227369642D36393032324245422D303645392D343232352D394142362D443836424545354236363432222069643D2242504D4E456467655F7369642D36393032324245422D303645392D343232352D394142362D443836424545354236363432223E0A20202020202020203C6F6D6764693A776179706F696E7420783D223430342E322220793D223231322E30223E3C2F6F6D6764693A776179706F696E743E0A20202020202020203C6F6D6764693A776179706F696E7420783D223434392E322220793D223231322E30223E3C2F6F6D6764693A776179706F696E743E0A2020202020203C2F62706D6E64693A42504D4E456467653E0A2020202020203C62706D6E64693A42504D4E456467652062706D6E456C656D656E743D227369642D44393239454544392D393445382D343339382D383334342D393741443236353437434135222069643D2242504D4E456467655F7369642D44393239454544392D393445382D343339382D383334342D393741443236353437434135223E0A20202020202020203C6F6D6764693A776179706F696E7420783D223534392E322220793D223231322E30223E3C2F6F6D6764693A776179706F696E743E0A20202020202020203C6F6D6764693A776179706F696E7420783D223539342E322220793D223231322E30223E3C2F6F6D6764693A776179706F696E743E0A2020202020203C2F62706D6E64693A42504D4E456467653E0A2020202020203C62706D6E64693A42504D4E456467652062706D6E456C656D656E743D227369642D34453335463344422D424630322D343639372D393738312D383538433539323933373841222069643D2242504D4E456467655F7369642D34453335463344422D424630322D343639372D393738312D383538433539323933373841223E0A20202020202020203C6F6D6764693A776179706F696E7420783D223639342E322220793D223231322E30223E3C2F6F6D6764693A776179706F696E743E0A20202020202020203C6F6D6764693A776179706F696E7420783D223733392E322220793D223231322E30223E3C2F6F6D6764693A776179706F696E743E0A2020202020203C2F62706D6E64693A42504D4E456467653E0A2020202020203C62706D6E64693A42504D4E456467652062706D6E456C656D656E743D227369642D42323745383235452D453331332D343135392D423332332D374342383737454545433137222069643D2242504D4E456467655F7369642D42323745383235452D453331332D343135392D423332332D374342383737454545433137223E0A20202020202020203C6F6D6764693A776179706F696E7420783D223833392E322220793D223231322E30223E3C2F6F6D6764693A776179706F696E743E0A20202020202020203C6F6D6764693A776179706F696E7420783D223838342E322220793D223231322E30223E3C2F6F6D6764693A776179706F696E743E0A2020202020203C2F62706D6E64693A42504D4E456467653E0A2020202020203C62706D6E64693A42504D4E456467652062706D6E456C656D656E743D227369642D44323034434141442D344337442D344144422D384334412D444443424246393235384143222069643D2242504D4E456467655F7369642D44323034434141442D344337442D344144422D384334412D444443424246393235384143223E0A20202020202020203C6F6D6764693A776179706F696E7420783D223235392E322220793D223231322E30223E3C2F6F6D6764693A776179706F696E743E0A20202020202020203C6F6D6764693A776179706F696E7420783D223330342E322220793D223231322E30223E3C2F6F6D6764693A776179706F696E743E0A2020202020203C2F62706D6E64693A42504D4E456467653E0A202020203C2F62706D6E64693A42504D4E506C616E653E0A20203C2F62706D6E64693A42504D4E4469616772616D3E0A3C2F62706D6E323A646566696E6974696F6E733E, 0);
INSERT INTO `act_ge_bytearray` VALUES ('ef54bd33-34bb-11ed-bd8b-283a4d3b4979', 2, 'source', NULL, 0x7B227265736F757263654964223A2265663533306638322D333462622D313165642D626438622D323833613464336234393739222C2270726F70657274696573223A7B2270726F636573735F6964223A224C6F616E222C226E616D65223A22E5809FE6ACBEE6B581E7A88B222C22646F63756D656E746174696F6E223A22222C2270726F636573735F617574686F72223A22222C2270726F636573735F76657273696F6E223A22222C2270726F636573735F6E616D657370616365223A22687474703A2F2F7777772E61637469766974692E6F72672F70726F63657373646566222C22657865637574696F6E6C697374656E657273223A22222C226576656E746C697374656E657273223A22222C227369676E616C646566696E6974696F6E73223A22222C226D657373616765646566696E6974696F6E73223A22227D2C227374656E63696C223A7B226964223A2242504D4E4469616772616D227D2C226368696C64536861706573223A5B7B227265736F757263654964223A227369642D37334330304634422D314345432D343131462D413344302D443843373344454132333732222C2270726F70657274696573223A7B226F766572726964656964223A22222C226E616D65223A22E5BC80E5A78B222C22646F63756D656E746174696F6E223A22222C22657865637574696F6E6C697374656E657273223A22222C22696E69746961746F72223A22222C22666F726D6B6579646566696E6974696F6E223A22222C22666F726D70726F70657274696573223A22227D2C227374656E63696C223A7B226964223A2253746172744E6F6E654576656E74227D2C226368696C64536861706573223A5B5D2C226F7574676F696E67223A5B7B227265736F757263654964223A227369642D33383443443737362D413243312D344236322D424141322D453735394630333842454637227D5D2C22626F756E6473223A7B226C6F7765725269676874223A7B2278223A3137362E352C2279223A3234377D2C2275707065724C656674223A7B2278223A3134362E352C2279223A3231377D7D2C22646F636B657273223A5B5D7D2C7B227265736F757263654964223A227369642D32443346323132432D333441312D344439302D384137342D314242374243414241344146222C2270726F70657274696573223A7B226F766572726964656964223A22222C226E616D65223A22E983A8E997A8E7BB8FE79086E5AEA1E6A0B8222C22646F63756D656E746174696F6E223A22222C226173796E6368726F6E6F7573646566696E6974696F6E223A2266616C7365222C226578636C7573697665646566696E6974696F6E223A2266616C7365222C22657865637574696F6E6C697374656E657273223A22222C226D756C7469696E7374616E63655F74797065223A224E6F6E65222C226D756C7469696E7374616E63655F63617264696E616C697479223A22222C226D756C7469696E7374616E63655F636F6C6C656374696F6E223A22222C226D756C7469696E7374616E63655F7661726961626C65223A22222C226D756C7469696E7374616E63655F636F6E646974696F6E223A22222C226973666F72636F6D70656E736174696F6E223A2266616C7365222C22757365727461736B61737369676E6D656E74223A22222C22666F726D6B6579646566696E6974696F6E223A22222C2264756564617465646566696E6974696F6E223A22222C227072696F72697479646566696E6974696F6E223A22222C22666F726D70726F70657274696573223A22222C227461736B6C697374656E657273223A22227D2C227374656E63696C223A7B226964223A22557365725461736B227D2C226368696C64536861706573223A5B5D2C226F7574676F696E67223A5B7B227265736F757263654964223A227369642D35433837394341332D433937332D343930452D414139372D464141464634393134334133227D5D2C22626F756E6473223A7B226C6F7765725269676874223A7B2278223A3332312E352C2279223A3237327D2C2275707065724C656674223A7B2278223A3232312E352C2279223A3139327D7D2C22646F636B657273223A5B5D7D2C7B227265736F757263654964223A227369642D33383443443737362D413243312D344236322D424141322D453735394630333842454637222C2270726F70657274696573223A7B226F766572726964656964223A22222C226E616D65223A22222C22646F63756D656E746174696F6E223A22222C22636F6E646974696F6E73657175656E6365666C6F77223A22222C22657865637574696F6E6C697374656E657273223A22222C2264656661756C74666C6F77223A2266616C7365227D2C227374656E63696C223A7B226964223A2253657175656E6365466C6F77227D2C226368696C64536861706573223A5B5D2C226F7574676F696E67223A5B7B227265736F757263654964223A227369642D32443346323132432D333441312D344439302D384137342D314242374243414241344146227D5D2C22626F756E6473223A7B226C6F7765725269676874223A7B2278223A3232302E36353632352C2279223A3233327D2C2275707065724C656674223A7B2278223A3137372E3130393337352C2279223A3233327D7D2C22646F636B657273223A5B7B2278223A31352C2279223A31357D2C7B2278223A35302C2279223A34307D5D2C22746172676574223A7B227265736F757263654964223A227369642D32443346323132432D333441312D344439302D384137342D314242374243414241344146227D7D2C7B227265736F757263654964223A227369642D46423338364330422D453041362D344536412D383439422D354531363134413939363635222C2270726F70657274696573223A7B226F766572726964656964223A22222C226E616D65223A22E8B4A2E58AA1E5AEA1E689B9222C22646F63756D656E746174696F6E223A22222C226173796E6368726F6E6F7573646566696E6974696F6E223A2266616C7365222C226578636C7573697665646566696E6974696F6E223A2266616C7365222C22657865637574696F6E6C697374656E657273223A22222C226D756C7469696E7374616E63655F74797065223A224E6F6E65222C226D756C7469696E7374616E63655F63617264696E616C697479223A22222C226D756C7469696E7374616E63655F636F6C6C656374696F6E223A22222C226D756C7469696E7374616E63655F7661726961626C65223A22222C226D756C7469696E7374616E63655F636F6E646974696F6E223A22222C226973666F72636F6D70656E736174696F6E223A2266616C7365222C22757365727461736B61737369676E6D656E74223A22222C22666F726D6B6579646566696E6974696F6E223A22222C2264756564617465646566696E6974696F6E223A22222C227072696F72697479646566696E6974696F6E223A22222C22666F726D70726F70657274696573223A22222C227461736B6C697374656E657273223A22227D2C227374656E63696C223A7B226964223A22557365725461736B227D2C226368696C64536861706573223A5B5D2C226F7574676F696E67223A5B7B227265736F757263654964223A227369642D44424434414336452D314341342D344435462D394546412D333534373144363144463935227D5D2C22626F756E6473223A7B226C6F7765725269676874223A7B2278223A3436362E352C2279223A3237327D2C2275707065724C656674223A7B2278223A3336362E352C2279223A3139327D7D2C22646F636B657273223A5B5D7D2C7B227265736F757263654964223A227369642D35433837394341332D433937332D343930452D414139372D464141464634393134334133222C2270726F70657274696573223A7B226F766572726964656964223A22222C226E616D65223A22222C22646F63756D656E746174696F6E223A22222C22636F6E646974696F6E73657175656E6365666C6F77223A22222C22657865637574696F6E6C697374656E657273223A22222C2264656661756C74666C6F77223A2266616C7365227D2C227374656E63696C223A7B226964223A2253657175656E6365466C6F77227D2C226368696C64536861706573223A5B5D2C226F7574676F696E67223A5B7B227265736F757263654964223A227369642D46423338364330422D453041362D344536412D383439422D354531363134413939363635227D5D2C22626F756E6473223A7B226C6F7765725269676874223A7B2278223A3336352E36353632352C2279223A3233327D2C2275707065724C656674223A7B2278223A3332322E33343337352C2279223A3233327D7D2C22646F636B657273223A5B7B2278223A35302C2279223A34307D2C7B2278223A35302C2279223A34307D5D2C22746172676574223A7B227265736F757263654964223A227369642D46423338364330422D453041362D344536412D383439422D354531363134413939363635227D7D2C7B227265736F757263654964223A227369642D34333143443542432D323642422D343237452D424338412D344443433334334436423739222C2270726F70657274696573223A7B226F766572726964656964223A22222C226E616D65223A22E7BB93E69D9F222C22646F63756D656E746174696F6E223A22222C22657865637574696F6E6C697374656E657273223A22227D2C227374656E63696C223A7B226964223A22456E644E6F6E654576656E74227D2C226368696C64536861706573223A5B5D2C226F7574676F696E67223A5B5D2C22626F756E6473223A7B226C6F7765725269676874223A7B2278223A3533392E352C2279223A3234367D2C2275707065724C656674223A7B2278223A3531312E352C2279223A3231387D7D2C22646F636B657273223A5B5D7D2C7B227265736F757263654964223A227369642D44424434414336452D314341342D344435462D394546412D333534373144363144463935222C2270726F70657274696573223A7B226F766572726964656964223A22222C226E616D65223A22222C22646F63756D656E746174696F6E223A22222C22636F6E646974696F6E73657175656E6365666C6F77223A22222C22657865637574696F6E6C697374656E657273223A22222C2264656661756C74666C6F77223A2266616C7365227D2C227374656E63696C223A7B226964223A2253657175656E6365466C6F77227D2C226368696C64536861706573223A5B5D2C226F7574676F696E67223A5B7B227265736F757263654964223A227369642D34333143443542432D323642422D343237452D424338412D344443433334334436423739227D5D2C22626F756E6473223A7B226C6F7765725269676874223A7B2278223A3531302E3837352C2279223A3233327D2C2275707065724C656674223A7B2278223A3436362E3839303632352C2279223A3233327D7D2C22646F636B657273223A5B7B2278223A35302C2279223A34307D2C7B2278223A31342C2279223A31347D5D2C22746172676574223A7B227265736F757263654964223A227369642D34333143443542432D323642422D343237452D424338412D344443433334334436423739227D7D5D2C22626F756E6473223A7B226C6F7765725269676874223A7B2278223A313230302C2279223A313035307D2C2275707065724C656674223A7B2278223A302C2279223A307D7D2C227374656E63696C736574223A7B2275726C223A227374656E63696C736574732F62706D6E322E302F62706D6E322E302E6A736F6E222C226E616D657370616365223A22687474703A2F2F62336D6E2E6F72672F7374656E63696C7365742F62706D6E322E3023227D2C227373657874656E73696F6E73223A5B5D7D, NULL);

-- ----------------------------
-- Table structure for act_ge_property
-- ----------------------------
DROP TABLE IF EXISTS `act_ge_property`;
CREATE TABLE `act_ge_property`  (
  `NAME_` varchar(64) CHARACTER SET utf8mb3 COLLATE utf8mb3_bin NOT NULL,
  `VALUE_` varchar(300) CHARACTER SET utf8mb3 COLLATE utf8mb3_bin NULL DEFAULT NULL,
  `REV_` int NULL DEFAULT NULL,
  PRIMARY KEY (`NAME_`) USING BTREE
) ENGINE = InnoDB CHARACTER SET = utf8mb3 COLLATE = utf8mb3_bin ROW_FORMAT = DYNAMIC;

-- ----------------------------
-- Records of act_ge_property
-- ----------------------------
INSERT INTO `act_ge_property` VALUES ('cfg.execution-related-entities-count', 'false', 1);
INSERT INTO `act_ge_property` VALUES ('next.dbid', '1', 1);
INSERT INTO `act_ge_property` VALUES ('schema.history', 'create(7.1.0-M6)', 1);
INSERT INTO `act_ge_property` VALUES ('schema.version', '7.1.0-M6', 1);

-- ----------------------------
-- Table structure for act_hi_actinst
-- ----------------------------
DROP TABLE IF EXISTS `act_hi_actinst`;
CREATE TABLE `act_hi_actinst`  (
  `ID_` varchar(64) CHARACTER SET utf8mb3 COLLATE utf8mb3_bin NOT NULL,
  `PROC_DEF_ID_` varchar(64) CHARACTER SET utf8mb3 COLLATE utf8mb3_bin NOT NULL,
  `PROC_INST_ID_` varchar(64) CHARACTER SET utf8mb3 COLLATE utf8mb3_bin NOT NULL,
  `EXECUTION_ID_` varchar(64) CHARACTER SET utf8mb3 COLLATE utf8mb3_bin NOT NULL,
  `ACT_ID_` varchar(255) CHARACTER SET utf8mb3 COLLATE utf8mb3_bin NOT NULL,
  `TASK_ID_` varchar(64) CHARACTER SET utf8mb3 COLLATE utf8mb3_bin NULL DEFAULT NULL,
  `CALL_PROC_INST_ID_` varchar(64) CHARACTER SET utf8mb3 COLLATE utf8mb3_bin NULL DEFAULT NULL,
  `ACT_NAME_` varchar(255) CHARACTER SET utf8mb3 COLLATE utf8mb3_bin NULL DEFAULT NULL,
  `ACT_TYPE_` varchar(255) CHARACTER SET utf8mb3 COLLATE utf8mb3_bin NOT NULL,
  `ASSIGNEE_` varchar(255) CHARACTER SET utf8mb3 COLLATE utf8mb3_bin NULL DEFAULT NULL,
  `START_TIME_` datetime(3) NOT NULL,
  `END_TIME_` datetime(3) NULL DEFAULT NULL,
  `DURATION_` bigint NULL DEFAULT NULL,
  `DELETE_REASON_` varchar(4000) CHARACTER SET utf8mb3 COLLATE utf8mb3_bin NULL DEFAULT NULL,
  `TENANT_ID_` varchar(255) CHARACTER SET utf8mb3 COLLATE utf8mb3_bin NULL DEFAULT '',
  PRIMARY KEY (`ID_`) USING BTREE,
  INDEX `ACT_IDX_HI_ACT_INST_START`(`START_TIME_` ASC) USING BTREE,
  INDEX `ACT_IDX_HI_ACT_INST_END`(`END_TIME_` ASC) USING BTREE,
  INDEX `ACT_IDX_HI_ACT_INST_PROCINST`(`PROC_INST_ID_` ASC, `ACT_ID_` ASC) USING BTREE,
  INDEX `ACT_IDX_HI_ACT_INST_EXEC`(`EXECUTION_ID_` ASC, `ACT_ID_` ASC) USING BTREE
) ENGINE = InnoDB CHARACTER SET = utf8mb3 COLLATE = utf8mb3_bin ROW_FORMAT = DYNAMIC;

-- ----------------------------
-- Records of act_hi_actinst
-- ----------------------------
INSERT INTO `act_hi_actinst` VALUES ('0295917a-32fb-11ed-9c60-283a4d3b4979', 'Leave:1:ecc98b0e-2fe9-11ed-aa68-283a4d3b4979', '029458f3-32fb-11ed-9c60-283a4d3b4979', '02951c49-32fb-11ed-9c60-283a4d3b4979', 'sid-3AAF069C-9D1F-4109-B5D0-F6F48FD36F44', NULL, NULL, '开始', 'startEvent', NULL, '2022-09-13 08:28:37.989', '2022-09-13 08:28:37.992', 3, NULL, '');
INSERT INTO `act_hi_actinst` VALUES ('0296a2eb-32fb-11ed-9c60-283a4d3b4979', 'Leave:1:ecc98b0e-2fe9-11ed-aa68-283a4d3b4979', '029458f3-32fb-11ed-9c60-283a4d3b4979', '02951c49-32fb-11ed-9c60-283a4d3b4979', 'sid-B9B9B816-D9E3-4A0D-97A2-C504074C7DF7', '02989ebc-32fb-11ed-9c60-283a4d3b4979', NULL, '直属领导审批', 'userTask', 'admin', '2022-09-13 08:28:37.996', '2022-09-13 08:58:32.119', 1794123, NULL, '');
INSERT INTO `act_hi_actinst` VALUES ('0bb2a370-34a8-11ed-a5e5-283a4d3b4979', 'Leave:1:ecc98b0e-2fe9-11ed-aa68-283a4d3b4979', 'b98a3e96-34a0-11ed-a5e5-283a4d3b4979', 'b98c3a6c-34a0-11ed-a5e5-283a4d3b4979', 'sid-2DCAD4A9-FAE9-4044-B7B5-BBADCA437929', '0bb2a371-34a8-11ed-a5e5-283a4d3b4979', NULL, '部门经理审批', 'userTask', 'admin', '2022-09-15 11:39:47.376', '2022-09-15 11:40:31.150', 43774, NULL, '');
INSERT INTO `act_hi_actinst` VALUES ('25ca055a-34a8-11ed-a5e5-283a4d3b4979', 'Leave:1:ecc98b0e-2fe9-11ed-aa68-283a4d3b4979', 'b98a3e96-34a0-11ed-a5e5-283a4d3b4979', 'b98c3a6c-34a0-11ed-a5e5-283a4d3b4979', 'sid-95041659-921C-4647-AA7E-007DD53297BA', '25ca055b-34a8-11ed-a5e5-283a4d3b4979', NULL, '人事专员审批', 'userTask', 'admin', '2022-09-15 11:40:31.150', '2022-09-15 11:40:43.188', 12038, NULL, '');
INSERT INTO `act_hi_actinst` VALUES ('2cf6dfc4-34a8-11ed-a5e5-283a4d3b4979', 'Leave:1:ecc98b0e-2fe9-11ed-aa68-283a4d3b4979', 'b98a3e96-34a0-11ed-a5e5-283a4d3b4979', 'b98c3a6c-34a0-11ed-a5e5-283a4d3b4979', 'sid-E6384472-DFD1-4776-83CB-1F8733961BEE', '2cf6dfc5-34a8-11ed-a5e5-283a4d3b4979', NULL, '人事经理审批', 'userTask', 'admin', '2022-09-15 11:40:43.188', '2022-09-15 11:41:58.949', 75761, NULL, '');
INSERT INTO `act_hi_actinst` VALUES ('2ff8b0c1-32ff-11ed-87bc-283a4d3b4979', 'Leave:1:ecc98b0e-2fe9-11ed-aa68-283a4d3b4979', '029458f3-32fb-11ed-9c60-283a4d3b4979', '02951c49-32fb-11ed-9c60-283a4d3b4979', 'sid-2DCAD4A9-FAE9-4044-B7B5-BBADCA437929', '2ffb21c2-32ff-11ed-87bc-283a4d3b4979', NULL, '部门经理审批', 'userTask', 'zhangsan', '2022-09-13 08:58:32.123', '2022-09-13 09:01:07.109', 154986, NULL, '');
INSERT INTO `act_hi_actinst` VALUES ('3d31627e-34a8-11ed-a5e5-283a4d3b4979', 'Leave:1:ecc98b0e-2fe9-11ed-aa68-283a4d3b4979', 'c7443de8-33c7-11ed-86cc-283a4d3b4979', 'c745013e-33c7-11ed-86cc-283a4d3b4979', 'sid-2DCAD4A9-FAE9-4044-B7B5-BBADCA437929', '3d31898f-34a8-11ed-a5e5-283a4d3b4979', NULL, '部门经理审批', 'userTask', 'admin', '2022-09-15 11:41:10.415', '2022-09-15 11:41:17.056', 6641, NULL, '');
INSERT INTO `act_hi_actinst` VALUES ('4126b898-34a8-11ed-a5e5-283a4d3b4979', 'Leave:1:ecc98b0e-2fe9-11ed-aa68-283a4d3b4979', 'c7443de8-33c7-11ed-86cc-283a4d3b4979', 'c745013e-33c7-11ed-86cc-283a4d3b4979', 'sid-95041659-921C-4647-AA7E-007DD53297BA', '4126dfa9-34a8-11ed-a5e5-283a4d3b4979', NULL, '人事专员审批', 'userTask', 'admin', '2022-09-15 11:41:17.056', '2022-09-15 11:41:22.700', 5644, NULL, '');
INSERT INTO `act_hi_actinst` VALUES ('4483ed62-34a8-11ed-a5e5-283a4d3b4979', 'Leave:1:ecc98b0e-2fe9-11ed-aa68-283a4d3b4979', 'c7443de8-33c7-11ed-86cc-283a4d3b4979', 'c745013e-33c7-11ed-86cc-283a4d3b4979', 'sid-E6384472-DFD1-4776-83CB-1F8733961BEE', '4483ed63-34a8-11ed-a5e5-283a4d3b4979', NULL, '人事经理审批', 'userTask', 'admin', '2022-09-15 11:41:22.700', '2022-09-15 11:41:28.246', 5546, NULL, '');
INSERT INTO `act_hi_actinst` VALUES ('47d22e0c-34a8-11ed-a5e5-283a4d3b4979', 'Leave:1:ecc98b0e-2fe9-11ed-aa68-283a4d3b4979', 'c7443de8-33c7-11ed-86cc-283a4d3b4979', 'c745013e-33c7-11ed-86cc-283a4d3b4979', 'sid-2B5363F4-D5A0-41C4-B626-E497657D21E4', '47d22e0d-34a8-11ed-a5e5-283a4d3b4979', NULL, '总经理审批', 'userTask', 'admin', '2022-09-15 11:41:28.246', '2022-09-15 11:41:35.784', 7538, NULL, '');
INSERT INTO `act_hi_actinst` VALUES ('4c506336-34a8-11ed-a5e5-283a4d3b4979', 'Leave:1:ecc98b0e-2fe9-11ed-aa68-283a4d3b4979', 'c7443de8-33c7-11ed-86cc-283a4d3b4979', 'c745013e-33c7-11ed-86cc-283a4d3b4979', 'sid-C9AF2295-51A5-44C8-AF20-AA44B6446843', NULL, NULL, '结束', 'endEvent', NULL, '2022-09-15 11:41:35.784', '2022-09-15 11:41:35.784', 0, NULL, '');
INSERT INTO `act_hi_actinst` VALUES ('5a1f160a-34a8-11ed-a5e5-283a4d3b4979', 'Leave:1:ecc98b0e-2fe9-11ed-aa68-283a4d3b4979', 'b98a3e96-34a0-11ed-a5e5-283a4d3b4979', 'b98c3a6c-34a0-11ed-a5e5-283a4d3b4979', 'sid-2B5363F4-D5A0-41C4-B626-E497657D21E4', '5a1f160b-34a8-11ed-a5e5-283a4d3b4979', NULL, '总经理审批', 'userTask', 'admin', '2022-09-15 11:41:58.949', NULL, NULL, NULL, '');
INSERT INTO `act_hi_actinst` VALUES ('8c59ad6c-32ff-11ed-87bc-283a4d3b4979', 'Leave:1:ecc98b0e-2fe9-11ed-aa68-283a4d3b4979', '029458f3-32fb-11ed-9c60-283a4d3b4979', '02951c49-32fb-11ed-9c60-283a4d3b4979', 'sid-95041659-921C-4647-AA7E-007DD53297BA', '8c59ad6d-32ff-11ed-87bc-283a4d3b4979', NULL, '人事专员审批', 'userTask', 'zhangsan', '2022-09-13 09:01:07.109', '2022-09-13 13:50:20.911', 17353802, NULL, '');
INSERT INTO `act_hi_actinst` VALUES ('924a5bd8-34a8-11ed-a5e5-283a4d3b4979', 'Leave:1:ecc98b0e-2fe9-11ed-aa68-283a4d3b4979', '924a5bd1-34a8-11ed-a5e5-283a4d3b4979', '924a5bd7-34a8-11ed-a5e5-283a4d3b4979', 'sid-3AAF069C-9D1F-4109-B5D0-F6F48FD36F44', NULL, NULL, '开始', 'startEvent', NULL, '2022-09-15 11:43:33.185', '2022-09-15 11:43:33.186', 1, NULL, '');
INSERT INTO `act_hi_actinst` VALUES ('924a82e9-34a8-11ed-a5e5-283a4d3b4979', 'Leave:1:ecc98b0e-2fe9-11ed-aa68-283a4d3b4979', '924a5bd1-34a8-11ed-a5e5-283a4d3b4979', '924a5bd7-34a8-11ed-a5e5-283a4d3b4979', 'sid-B9B9B816-D9E3-4A0D-97A2-C504074C7DF7', '924a82ea-34a8-11ed-a5e5-283a4d3b4979', NULL, '直属领导审批', 'userTask', 'admin', '2022-09-15 11:43:33.186', '2022-09-15 11:45:02.988', 89802, NULL, '');
INSERT INTO `act_hi_actinst` VALUES ('b98caf9d-34a0-11ed-a5e5-283a4d3b4979', 'Leave:1:ecc98b0e-2fe9-11ed-aa68-283a4d3b4979', 'b98a3e96-34a0-11ed-a5e5-283a4d3b4979', 'b98c3a6c-34a0-11ed-a5e5-283a4d3b4979', 'sid-3AAF069C-9D1F-4109-B5D0-F6F48FD36F44', NULL, NULL, '开始', 'startEvent', NULL, '2022-09-15 10:47:23.078', '2022-09-15 10:47:23.081', 3, NULL, '');
INSERT INTO `act_hi_actinst` VALUES ('b98de81e-34a0-11ed-a5e5-283a4d3b4979', 'Leave:1:ecc98b0e-2fe9-11ed-aa68-283a4d3b4979', 'b98a3e96-34a0-11ed-a5e5-283a4d3b4979', 'b98c3a6c-34a0-11ed-a5e5-283a4d3b4979', 'sid-B9B9B816-D9E3-4A0D-97A2-C504074C7DF7', 'b990a73f-34a0-11ed-a5e5-283a4d3b4979', NULL, '直属领导审批', 'userTask', 'admin', '2022-09-15 10:47:23.085', '2022-09-15 11:39:47.376', 3144291, NULL, '');
INSERT INTO `act_hi_actinst` VALUES ('c745766f-33c7-11ed-86cc-283a4d3b4979', 'Leave:1:ecc98b0e-2fe9-11ed-aa68-283a4d3b4979', 'c7443de8-33c7-11ed-86cc-283a4d3b4979', 'c745013e-33c7-11ed-86cc-283a4d3b4979', 'sid-3AAF069C-9D1F-4109-B5D0-F6F48FD36F44', NULL, NULL, '开始', 'startEvent', NULL, '2022-09-14 08:54:25.308', '2022-09-14 08:54:25.311', 3, NULL, '');
INSERT INTO `act_hi_actinst` VALUES ('c74687e0-33c7-11ed-86cc-283a4d3b4979', 'Leave:1:ecc98b0e-2fe9-11ed-aa68-283a4d3b4979', 'c7443de8-33c7-11ed-86cc-283a4d3b4979', 'c745013e-33c7-11ed-86cc-283a4d3b4979', 'sid-B9B9B816-D9E3-4A0D-97A2-C504074C7DF7', 'c7491ff1-33c7-11ed-86cc-283a4d3b4979', NULL, '直属领导审批', 'userTask', 'admin', '2022-09-14 08:54:25.315', '2022-09-15 11:41:10.415', 96405100, NULL, '');
INSERT INTO `act_hi_actinst` VALUES ('c7d13593-34a8-11ed-a5e5-283a4d3b4979', 'Leave:1:ecc98b0e-2fe9-11ed-aa68-283a4d3b4979', '924a5bd1-34a8-11ed-a5e5-283a4d3b4979', '924a5bd7-34a8-11ed-a5e5-283a4d3b4979', 'sid-2DCAD4A9-FAE9-4044-B7B5-BBADCA437929', 'c7d13594-34a8-11ed-a5e5-283a4d3b4979', NULL, '部门经理审批', 'userTask', 'admin', '2022-09-15 11:45:02.988', '2022-09-15 11:45:38.818', 35830, NULL, '');
INSERT INTO `act_hi_actinst` VALUES ('d7e909ad-332a-11ed-be56-283a4d3b4979', 'Leave:1:ecc98b0e-2fe9-11ed-aa68-283a4d3b4979', '029458f3-32fb-11ed-9c60-283a4d3b4979', '02951c49-32fb-11ed-9c60-283a4d3b4979', 'sid-B9B9B816-D9E3-4A0D-97A2-C504074C7DF7', 'd7eb539e-332a-11ed-be56-283a4d3b4979', NULL, '直属领导审批', 'userTask', 'admin', '2022-09-13 14:11:02.237', '2022-09-13 14:11:52.112', 49875, NULL, '');
INSERT INTO `act_hi_actinst` VALUES ('dd2c6efd-34a8-11ed-a5e5-283a4d3b4979', 'Leave:1:ecc98b0e-2fe9-11ed-aa68-283a4d3b4979', '924a5bd1-34a8-11ed-a5e5-283a4d3b4979', '924a5bd7-34a8-11ed-a5e5-283a4d3b4979', 'sid-95041659-921C-4647-AA7E-007DD53297BA', 'dd2c6efe-34a8-11ed-a5e5-283a4d3b4979', NULL, '人事专员审批', 'userTask', 'admin', '2022-09-15 11:45:38.818', NULL, NULL, NULL, '');
INSERT INTO `act_hi_actinst` VALUES ('f4067c02-3327-11ed-8143-283a4d3b4979', 'Leave:1:ecc98b0e-2fe9-11ed-aa68-283a4d3b4979', '029458f3-32fb-11ed-9c60-283a4d3b4979', '02951c49-32fb-11ed-9c60-283a4d3b4979', 'sid-E6384472-DFD1-4776-83CB-1F8733961BEE', 'f408c5f3-3327-11ed-8143-283a4d3b4979', NULL, '人事经理审批', 'userTask', 'admin', '2022-09-13 13:50:20.916', '2022-09-13 14:11:02.232', 1241316, NULL, '');
INSERT INTO `act_hi_actinst` VALUES ('f5a35be7-332a-11ed-be56-283a4d3b4979', 'Leave:1:ecc98b0e-2fe9-11ed-aa68-283a4d3b4979', '029458f3-32fb-11ed-9c60-283a4d3b4979', '02951c49-32fb-11ed-9c60-283a4d3b4979', 'sid-2DCAD4A9-FAE9-4044-B7B5-BBADCA437929', 'f5a35be8-332a-11ed-be56-283a4d3b4979', NULL, '部门经理审批', 'userTask', 'admin', '2022-09-13 14:11:52.112', '2022-09-14 08:53:03.248', 67271136, 'admin 作废了当前流程申请', '');

-- ----------------------------
-- Table structure for act_hi_attachment
-- ----------------------------
DROP TABLE IF EXISTS `act_hi_attachment`;
CREATE TABLE `act_hi_attachment`  (
  `ID_` varchar(64) CHARACTER SET utf8mb3 COLLATE utf8mb3_bin NOT NULL,
  `REV_` int NULL DEFAULT NULL,
  `USER_ID_` varchar(255) CHARACTER SET utf8mb3 COLLATE utf8mb3_bin NULL DEFAULT NULL,
  `NAME_` varchar(255) CHARACTER SET utf8mb3 COLLATE utf8mb3_bin NULL DEFAULT NULL,
  `DESCRIPTION_` varchar(4000) CHARACTER SET utf8mb3 COLLATE utf8mb3_bin NULL DEFAULT NULL,
  `TYPE_` varchar(255) CHARACTER SET utf8mb3 COLLATE utf8mb3_bin NULL DEFAULT NULL,
  `TASK_ID_` varchar(64) CHARACTER SET utf8mb3 COLLATE utf8mb3_bin NULL DEFAULT NULL,
  `PROC_INST_ID_` varchar(64) CHARACTER SET utf8mb3 COLLATE utf8mb3_bin NULL DEFAULT NULL,
  `URL_` varchar(4000) CHARACTER SET utf8mb3 COLLATE utf8mb3_bin NULL DEFAULT NULL,
  `CONTENT_ID_` varchar(64) CHARACTER SET utf8mb3 COLLATE utf8mb3_bin NULL DEFAULT NULL,
  `TIME_` datetime(3) NULL DEFAULT NULL,
  PRIMARY KEY (`ID_`) USING BTREE
) ENGINE = InnoDB CHARACTER SET = utf8mb3 COLLATE = utf8mb3_bin ROW_FORMAT = DYNAMIC;

-- ----------------------------
-- Records of act_hi_attachment
-- ----------------------------

-- ----------------------------
-- Table structure for act_hi_comment
-- ----------------------------
DROP TABLE IF EXISTS `act_hi_comment`;
CREATE TABLE `act_hi_comment`  (
  `ID_` varchar(64) CHARACTER SET utf8mb3 COLLATE utf8mb3_bin NOT NULL,
  `TYPE_` varchar(255) CHARACTER SET utf8mb3 COLLATE utf8mb3_bin NULL DEFAULT NULL,
  `TIME_` datetime(3) NOT NULL,
  `USER_ID_` varchar(255) CHARACTER SET utf8mb3 COLLATE utf8mb3_bin NULL DEFAULT NULL,
  `TASK_ID_` varchar(64) CHARACTER SET utf8mb3 COLLATE utf8mb3_bin NULL DEFAULT NULL,
  `PROC_INST_ID_` varchar(64) CHARACTER SET utf8mb3 COLLATE utf8mb3_bin NULL DEFAULT NULL,
  `ACTION_` varchar(255) CHARACTER SET utf8mb3 COLLATE utf8mb3_bin NULL DEFAULT NULL,
  `MESSAGE_` varchar(4000) CHARACTER SET utf8mb3 COLLATE utf8mb3_bin NULL DEFAULT NULL,
  `FULL_MSG_` longblob NULL,
  PRIMARY KEY (`ID_`) USING BTREE
) ENGINE = InnoDB CHARACTER SET = utf8mb3 COLLATE = utf8mb3_bin ROW_FORMAT = DYNAMIC;

-- ----------------------------
-- Records of act_hi_comment
-- ----------------------------
INSERT INTO `act_hi_comment` VALUES ('02a4d3c1-32fb-11ed-9c60-283a4d3b4979', 'event', '2022-09-13 08:28:38.089', 'admin', '02989ebc-32fb-11ed-9c60-283a4d3b4979', NULL, 'AddUserLink', 'admin_|_assignee', NULL);
INSERT INTO `act_hi_comment` VALUES ('0bae5dad-34a8-11ed-a5e5-283a4d3b4979', 'comment', '2022-09-15 11:39:47.348', NULL, 'b990a73f-34a0-11ed-a5e5-283a4d3b4979', 'b98a3e96-34a0-11ed-a5e5-283a4d3b4979', 'AddComment', '审批通过', 0xE5AEA1E689B9E9809AE8BF87);
INSERT INTO `act_hi_comment` VALUES ('0bb7d396-34a8-11ed-a5e5-283a4d3b4979', 'event', '2022-09-15 11:39:47.410', NULL, '0bb2a371-34a8-11ed-a5e5-283a4d3b4979', NULL, 'AddUserLink', 'admin_|_assignee', NULL);
INSERT INTO `act_hi_comment` VALUES ('25c60db7-34a8-11ed-a5e5-283a4d3b4979', 'comment', '2022-09-15 11:40:31.124', 'admin', '0bb2a371-34a8-11ed-a5e5-283a4d3b4979', 'b98a3e96-34a0-11ed-a5e5-283a4d3b4979', 'AddComment', '审批通过', 0xE5AEA1E689B9E9809AE8BF87);
INSERT INTO `act_hi_comment` VALUES ('25cdfd00-34a8-11ed-a5e5-283a4d3b4979', 'event', '2022-09-15 11:40:31.176', 'admin', '25ca055b-34a8-11ed-a5e5-283a4d3b4979', NULL, 'AddUserLink', 'admin_|_assignee', NULL);
INSERT INTO `act_hi_comment` VALUES ('2cf3d281-34a8-11ed-a5e5-283a4d3b4979', 'comment', '2022-09-15 11:40:43.168', NULL, '25ca055b-34a8-11ed-a5e5-283a4d3b4979', 'b98a3e96-34a0-11ed-a5e5-283a4d3b4979', 'AddComment', '审批通过', 0xE5AEA1E689B9E9809AE8BF87);
INSERT INTO `act_hi_comment` VALUES ('2cfb73aa-34a8-11ed-a5e5-283a4d3b4979', 'event', '2022-09-15 11:40:43.218', NULL, '2cf6dfc5-34a8-11ed-a5e5-283a4d3b4979', NULL, 'AddUserLink', 'admin_|_assignee', NULL);
INSERT INTO `act_hi_comment` VALUES ('2fec2d9e-32ff-11ed-87bc-283a4d3b4979', 'comment', '2022-09-13 08:58:32.041', NULL, '02989ebc-32fb-11ed-9c60-283a4d3b4979', '029458f3-32fb-11ed-9c60-283a4d3b4979', 'AddComment', '同意', 0xE5908CE6848F);
INSERT INTO `act_hi_comment` VALUES ('30047098-32ff-11ed-87bc-283a4d3b4979', 'event', '2022-09-13 08:58:32.199', NULL, '2ffb21c2-32ff-11ed-87bc-283a4d3b4979', NULL, 'AddUserLink', 'zhangsan_|_assignee', NULL);
INSERT INTO `act_hi_comment` VALUES ('3d2d91eb-34a8-11ed-a5e5-283a4d3b4979', 'comment', '2022-09-15 11:41:10.390', NULL, 'c7491ff1-33c7-11ed-86cc-283a4d3b4979', 'c7443de8-33c7-11ed-86cc-283a4d3b4979', 'AddComment', '审批通过', 0xE5AEA1E689B9E9809AE8BF87);
INSERT INTO `act_hi_comment` VALUES ('3d355a24-34a8-11ed-a5e5-283a4d3b4979', 'event', '2022-09-15 11:41:10.441', NULL, '3d31898f-34a8-11ed-a5e5-283a4d3b4979', NULL, 'AddUserLink', 'admin_|_assignee', NULL);
INSERT INTO `act_hi_comment` VALUES ('4123f975-34a8-11ed-a5e5-283a4d3b4979', 'comment', '2022-09-15 11:41:17.038', NULL, '3d31898f-34a8-11ed-a5e5-283a4d3b4979', 'c7443de8-33c7-11ed-86cc-283a4d3b4979', 'AddComment', '审批通过', 0xE5AEA1E689B9E9809AE8BF87);
INSERT INTO `act_hi_comment` VALUES ('412a892e-34a8-11ed-a5e5-283a4d3b4979', 'event', '2022-09-15 11:41:17.081', NULL, '4126dfa9-34a8-11ed-a5e5-283a4d3b4979', NULL, 'AddUserLink', 'admin_|_assignee', NULL);
INSERT INTO `act_hi_comment` VALUES ('4480b90f-34a8-11ed-a5e5-283a4d3b4979', 'comment', '2022-09-15 11:41:22.679', 'admin', '4126dfa9-34a8-11ed-a5e5-283a4d3b4979', 'c7443de8-33c7-11ed-86cc-283a4d3b4979', 'AddComment', '审批通过', 0xE5AEA1E689B9E9809AE8BF87);
INSERT INTO `act_hi_comment` VALUES ('44888148-34a8-11ed-a5e5-283a4d3b4979', 'event', '2022-09-15 11:41:22.730', 'admin', '4483ed63-34a8-11ed-a5e5-283a4d3b4979', NULL, 'AddUserLink', 'admin_|_assignee', NULL);
INSERT INTO `act_hi_comment` VALUES ('47cf20c9-34a8-11ed-a5e5-283a4d3b4979', 'comment', '2022-09-15 11:41:28.226', NULL, '4483ed63-34a8-11ed-a5e5-283a4d3b4979', 'c7443de8-33c7-11ed-86cc-283a4d3b4979', 'AddComment', '审批通过', 0xE5AEA1E689B9E9809AE8BF87);
INSERT INTO `act_hi_comment` VALUES ('47d5d792-34a8-11ed-a5e5-283a4d3b4979', 'event', '2022-09-15 11:41:28.270', NULL, '47d22e0d-34a8-11ed-a5e5-283a4d3b4979', NULL, 'AddUserLink', 'admin_|_assignee', NULL);
INSERT INTO `act_hi_comment` VALUES ('4c4d55f3-34a8-11ed-a5e5-283a4d3b4979', 'comment', '2022-09-15 11:41:35.764', NULL, '47d22e0d-34a8-11ed-a5e5-283a4d3b4979', 'c7443de8-33c7-11ed-86cc-283a4d3b4979', 'AddComment', '1', 0x31);
INSERT INTO `act_hi_comment` VALUES ('5a1c2fd7-34a8-11ed-a5e5-283a4d3b4979', 'comment', '2022-09-15 11:41:58.930', NULL, '2cf6dfc5-34a8-11ed-a5e5-283a4d3b4979', 'b98a3e96-34a0-11ed-a5e5-283a4d3b4979', 'AddComment', '审批通过', 0xE5AEA1E689B9E9809AE8BF87);
INSERT INTO `act_hi_comment` VALUES ('5a230db0-34a8-11ed-a5e5-283a4d3b4979', 'event', '2022-09-15 11:41:58.975', NULL, '5a1f160b-34a8-11ed-a5e5-283a4d3b4979', NULL, 'AddUserLink', 'admin_|_assignee', NULL);
INSERT INTO `act_hi_comment` VALUES ('8c4bf1c9-32ff-11ed-87bc-283a4d3b4979', 'comment', '2022-09-13 09:01:07.019', NULL, '2ffb21c2-32ff-11ed-87bc-283a4d3b4979', '029458f3-32fb-11ed-9c60-283a4d3b4979', 'AddComment', '通过', 0xE9809AE8BF87);
INSERT INTO `act_hi_comment` VALUES ('8c601612-32ff-11ed-87bc-283a4d3b4979', 'event', '2022-09-13 09:01:07.151', NULL, '8c59ad6d-32ff-11ed-87bc-283a4d3b4979', NULL, 'AddUserLink', 'admin_|_assignee', NULL);
INSERT INTO `act_hi_comment` VALUES ('924ec8af-34a8-11ed-a5e5-283a4d3b4979', 'event', '2022-09-15 11:43:33.214', 'admin', '924a82ea-34a8-11ed-a5e5-283a4d3b4979', NULL, 'AddUserLink', 'admin_|_assignee', NULL);
INSERT INTO `act_hi_comment` VALUES ('b9a40834-34a0-11ed-a5e5-283a4d3b4979', 'event', '2022-09-15 10:47:23.230', 'admin', 'b990a73f-34a0-11ed-a5e5-283a4d3b4979', NULL, 'AddUserLink', 'admin_|_assignee', NULL);
INSERT INTO `act_hi_comment` VALUES ('c611a71d-3327-11ed-8143-283a4d3b4979', 'event', '2022-09-13 13:49:03.813', NULL, '8c59ad6d-32ff-11ed-87bc-283a4d3b4979', NULL, 'AddUserLink', 'zhangsan_|_assignee', NULL);
INSERT INTO `act_hi_comment` VALUES ('c61b440e-3327-11ed-8143-283a4d3b4979', 'comment', '2022-09-13 13:49:03.877', NULL, '8c59ad6d-32ff-11ed-87bc-283a4d3b4979', '029458f3-32fb-11ed-9c60-283a4d3b4979', 'AddComment', 'admin 转办任务【人事专员审批】给 zhangsan 办理', 0x61646D696E20E8BDACE58A9EE4BBBBE58AA1E38090E4BABAE4BA8BE4B893E59198E5AEA1E689B9E38091E7BB99207A68616E6773616E20E58A9EE79086);
INSERT INTO `act_hi_comment` VALUES ('c7530b06-33c7-11ed-86cc-283a4d3b4979', 'event', '2022-09-14 08:54:25.397', 'admin', 'c7491ff1-33c7-11ed-86cc-283a4d3b4979', NULL, 'AddUserLink', 'admin_|_assignee', NULL);
INSERT INTO `act_hi_comment` VALUES ('c7ce2850-34a8-11ed-a5e5-283a4d3b4979', 'comment', '2022-09-15 11:45:02.968', NULL, '924a82ea-34a8-11ed-a5e5-283a4d3b4979', '924a5bd1-34a8-11ed-a5e5-283a4d3b4979', 'AddComment', '审批通过', 0xE5AEA1E689B9E9809AE8BF87);
INSERT INTO `act_hi_comment` VALUES ('c7d469e9-34a8-11ed-a5e5-283a4d3b4979', 'event', '2022-09-15 11:45:03.009', NULL, 'c7d13594-34a8-11ed-a5e5-283a4d3b4979', NULL, 'AddUserLink', 'admin_|_assignee', NULL);
INSERT INTO `act_hi_comment` VALUES ('d7dd49da-332a-11ed-be56-283a4d3b4979', 'comment', '2022-09-13 14:11:02.160', NULL, 'f408c5f3-3327-11ed-8143-283a4d3b4979', '029458f3-32fb-11ed-9c60-283a4d3b4979', 'AddComment', '『admin 驳回任务 【人事经理审批】→【直属领导审批】』', 0xE3808E61646D696E20E9A9B3E59B9EE4BBBBE58AA120E38090E4BABAE4BA8BE7BB8FE79086E5AEA1E689B9E38091E28692E38090E79BB4E5B19EE9A286E5AFBCE5AEA1E689B9E38091E3808F);
INSERT INTO `act_hi_comment` VALUES ('d7f824e3-332a-11ed-be56-283a4d3b4979', 'event', '2022-09-13 14:11:02.336', NULL, 'd7eb539e-332a-11ed-be56-283a4d3b4979', NULL, 'AddUserLink', 'admin_|_assignee', NULL);
INSERT INTO `act_hi_comment` VALUES ('dd2961ba-34a8-11ed-a5e5-283a4d3b4979', 'comment', '2022-09-15 11:45:38.798', NULL, 'c7d13594-34a8-11ed-a5e5-283a4d3b4979', '924a5bd1-34a8-11ed-a5e5-283a4d3b4979', 'AddComment', '审批通过', 0xE5AEA1E689B9E9809AE8BF87);
INSERT INTO `act_hi_comment` VALUES ('dd303f93-34a8-11ed-a5e5-283a4d3b4979', 'event', '2022-09-15 11:45:38.843', NULL, 'dd2c6efe-34a8-11ed-a5e5-283a4d3b4979', NULL, 'AddUserLink', 'admin_|_assignee', NULL);
INSERT INTO `act_hi_comment` VALUES ('f3fbf4af-3327-11ed-8143-283a4d3b4979', 'comment', '2022-09-13 13:50:20.847', NULL, '8c59ad6d-32ff-11ed-87bc-283a4d3b4979', '029458f3-32fb-11ed-9c60-283a4d3b4979', 'AddComment', '通过', 0xE9809AE8BF87);
INSERT INTO `act_hi_comment` VALUES ('f4115178-3327-11ed-8143-283a4d3b4979', 'event', '2022-09-13 13:50:20.987', NULL, 'f408c5f3-3327-11ed-8143-283a4d3b4979', NULL, 'AddUserLink', 'admin_|_assignee', NULL);
INSERT INTO `act_hi_comment` VALUES ('f59a5b34-332a-11ed-be56-283a4d3b4979', 'comment', '2022-09-13 14:11:52.052', NULL, 'd7eb539e-332a-11ed-be56-283a4d3b4979', '029458f3-32fb-11ed-9c60-283a4d3b4979', 'AddComment', '通过', 0xE9809AE8BF87);
INSERT INTO `act_hi_comment` VALUES ('f5aa12ad-332a-11ed-be56-283a4d3b4979', 'event', '2022-09-13 14:11:52.156', NULL, 'f5a35be8-332a-11ed-be56-283a4d3b4979', NULL, 'AddUserLink', 'admin_|_assignee', NULL);

-- ----------------------------
-- Table structure for act_hi_detail
-- ----------------------------
DROP TABLE IF EXISTS `act_hi_detail`;
CREATE TABLE `act_hi_detail`  (
  `ID_` varchar(64) CHARACTER SET utf8mb3 COLLATE utf8mb3_bin NOT NULL,
  `TYPE_` varchar(255) CHARACTER SET utf8mb3 COLLATE utf8mb3_bin NOT NULL,
  `PROC_INST_ID_` varchar(64) CHARACTER SET utf8mb3 COLLATE utf8mb3_bin NULL DEFAULT NULL,
  `EXECUTION_ID_` varchar(64) CHARACTER SET utf8mb3 COLLATE utf8mb3_bin NULL DEFAULT NULL,
  `TASK_ID_` varchar(64) CHARACTER SET utf8mb3 COLLATE utf8mb3_bin NULL DEFAULT NULL,
  `ACT_INST_ID_` varchar(64) CHARACTER SET utf8mb3 COLLATE utf8mb3_bin NULL DEFAULT NULL,
  `NAME_` varchar(255) CHARACTER SET utf8mb3 COLLATE utf8mb3_bin NOT NULL,
  `VAR_TYPE_` varchar(255) CHARACTER SET utf8mb3 COLLATE utf8mb3_bin NULL DEFAULT NULL,
  `REV_` int NULL DEFAULT NULL,
  `TIME_` datetime(3) NOT NULL,
  `BYTEARRAY_ID_` varchar(64) CHARACTER SET utf8mb3 COLLATE utf8mb3_bin NULL DEFAULT NULL,
  `DOUBLE_` double NULL DEFAULT NULL,
  `LONG_` bigint NULL DEFAULT NULL,
  `TEXT_` varchar(4000) CHARACTER SET utf8mb3 COLLATE utf8mb3_bin NULL DEFAULT NULL,
  `TEXT2_` varchar(4000) CHARACTER SET utf8mb3 COLLATE utf8mb3_bin NULL DEFAULT NULL,
  PRIMARY KEY (`ID_`) USING BTREE,
  INDEX `ACT_IDX_HI_DETAIL_PROC_INST`(`PROC_INST_ID_` ASC) USING BTREE,
  INDEX `ACT_IDX_HI_DETAIL_ACT_INST`(`ACT_INST_ID_` ASC) USING BTREE,
  INDEX `ACT_IDX_HI_DETAIL_TIME`(`TIME_` ASC) USING BTREE,
  INDEX `ACT_IDX_HI_DETAIL_NAME`(`NAME_` ASC) USING BTREE,
  INDEX `ACT_IDX_HI_DETAIL_TASK_ID`(`TASK_ID_` ASC) USING BTREE
) ENGINE = InnoDB CHARACTER SET = utf8mb3 COLLATE = utf8mb3_bin ROW_FORMAT = DYNAMIC;

-- ----------------------------
-- Records of act_hi_detail
-- ----------------------------
INSERT INTO `act_hi_detail` VALUES ('0294ce26-32fb-11ed-9c60-283a4d3b4979', 'VariableUpdate', '029458f3-32fb-11ed-9c60-283a4d3b4979', '029458f3-32fb-11ed-9c60-283a4d3b4979', NULL, NULL, 'entity', 'json', 0, '2022-09-13 08:28:37.984', NULL, NULL, NULL, '{\"id\":\"1569483068132782082\",\"username\":\"admin\",\"leaveType\":2,\"title\":\"事假123\",\"leaveReason\":\"事假123\",\"startDate\":\"2022-09-12T16:00:00.000+00:00\",\"endDate\":\"2022-09-23T15:59:59.000+00:00\",\"duration\":11,\"principal\":\"2\",\"contactPhone\":\"1\",\"createDate\":\"2022-09-13T00:28:17.000+00:00\",\"updateDate\":\"2022-09-13T00:28:17.000+00:00\",\"status\":1,\"statusStr\":\"待提交\",\"startDateStr\":\"2022-09-13 00:00:00\",\"endDateStr\":\"2022-09-23 23:59:59\",\"createDateStr\":\"2022-09-13 08:28:17\",\"leaveTypeStr\":\"事假\",\"updateDateStr\":\"2022-09-13 08:28:17\"}', 'java.util.LinkedHashMap');
INSERT INTO `act_hi_detail` VALUES ('02951c48-32fb-11ed-9c60-283a4d3b4979', 'VariableUpdate', '029458f3-32fb-11ed-9c60-283a4d3b4979', '029458f3-32fb-11ed-9c60-283a4d3b4979', NULL, NULL, 'formName', 'string', 0, '2022-09-13 08:28:37.986', NULL, NULL, NULL, 'LeaveForm', NULL);
INSERT INTO `act_hi_detail` VALUES ('0299891e-32fb-11ed-9c60-283a4d3b4979', 'VariableUpdate', '029458f3-32fb-11ed-9c60-283a4d3b4979', '02951c49-32fb-11ed-9c60-283a4d3b4979', '02989ebc-32fb-11ed-9c60-283a4d3b4979', NULL, 'formName', 'string', 0, '2022-09-13 08:28:38.015', NULL, NULL, NULL, 'LeaveForm', NULL);
INSERT INTO `act_hi_detail` VALUES ('02998920-32fb-11ed-9c60-283a4d3b4979', 'VariableUpdate', '029458f3-32fb-11ed-9c60-283a4d3b4979', '02951c49-32fb-11ed-9c60-283a4d3b4979', '02989ebc-32fb-11ed-9c60-283a4d3b4979', NULL, 'entity', 'json', 0, '2022-09-13 08:28:38.015', NULL, NULL, NULL, '{\"id\":\"1569483068132782082\",\"username\":\"admin\",\"leaveType\":2,\"title\":\"事假123\",\"leaveReason\":\"事假123\",\"startDate\":\"2022-09-12T16:00:00.000+00:00\",\"endDate\":\"2022-09-23T15:59:59.000+00:00\",\"duration\":11,\"principal\":\"2\",\"contactPhone\":\"1\",\"createDate\":\"2022-09-13T00:28:17.000+00:00\",\"updateDate\":\"2022-09-13T00:28:17.000+00:00\",\"status\":1,\"statusStr\":\"待提交\",\"startDateStr\":\"2022-09-13 00:00:00\",\"endDateStr\":\"2022-09-23 23:59:59\",\"createDateStr\":\"2022-09-13 08:28:17\",\"leaveTypeStr\":\"事假\",\"updateDateStr\":\"2022-09-13 08:28:17\"}', 'java.util.LinkedHashMap');
INSERT INTO `act_hi_detail` VALUES ('0bb2554e-34a8-11ed-a5e5-283a4d3b4979', 'VariableUpdate', 'b98a3e96-34a0-11ed-a5e5-283a4d3b4979', 'b98a3e96-34a0-11ed-a5e5-283a4d3b4979', NULL, NULL, 'entity', 'json', 1, '2022-09-15 11:39:47.374', NULL, NULL, NULL, '{\"id\":\"1567777623949111297\",\"username\":\"admin\",\"leaveType\":2,\"title\":\"12345\",\"leaveReason\":\"4567\",\"startDate\":\"2022-09-07T16:00:00.000+00:00\",\"endDate\":\"2022-09-16T15:59:59.000+00:00\",\"duration\":9,\"principal\":\"2\",\"contactPhone\":\"1\",\"createDate\":\"2022-09-08T07:31:28.000+00:00\",\"updateDate\":\"2022-09-08T07:31:28.000+00:00\",\"processInstanceId\":\"\",\"status\":0,\"createDateStr\":\"2022-09-08 15:31:28\",\"leaveTypeStr\":\"事假\",\"startDateStr\":\"2022-09-08 00:00:00\",\"statusStr\":\"已撤回\",\"endDateStr\":\"2022-09-16 23:59:59\",\"updateDateStr\":\"2022-09-08 15:31:28\"}', 'java.util.LinkedHashMap');
INSERT INTO `act_hi_detail` VALUES ('0bb27c5f-34a8-11ed-a5e5-283a4d3b4979', 'VariableUpdate', 'b98a3e96-34a0-11ed-a5e5-283a4d3b4979', 'b98a3e96-34a0-11ed-a5e5-283a4d3b4979', NULL, NULL, 'formName', 'string', 1, '2022-09-15 11:39:47.375', NULL, NULL, NULL, 'LeaveForm', NULL);
INSERT INTO `act_hi_detail` VALUES ('0bb2f193-34a8-11ed-a5e5-283a4d3b4979', 'VariableUpdate', 'b98a3e96-34a0-11ed-a5e5-283a4d3b4979', 'b98c3a6c-34a0-11ed-a5e5-283a4d3b4979', '0bb2a371-34a8-11ed-a5e5-283a4d3b4979', NULL, 'formName', 'string', 0, '2022-09-15 11:39:47.378', NULL, NULL, NULL, 'LeaveForm', NULL);
INSERT INTO `act_hi_detail` VALUES ('0bb2f195-34a8-11ed-a5e5-283a4d3b4979', 'VariableUpdate', 'b98a3e96-34a0-11ed-a5e5-283a4d3b4979', 'b98c3a6c-34a0-11ed-a5e5-283a4d3b4979', '0bb2a371-34a8-11ed-a5e5-283a4d3b4979', NULL, 'entity', 'json', 0, '2022-09-15 11:39:47.378', NULL, NULL, NULL, '{\"id\":\"1567777623949111297\",\"username\":\"admin\",\"leaveType\":2,\"title\":\"12345\",\"leaveReason\":\"4567\",\"startDate\":\"2022-09-07T16:00:00.000+00:00\",\"endDate\":\"2022-09-16T15:59:59.000+00:00\",\"duration\":9,\"principal\":\"2\",\"contactPhone\":\"1\",\"createDate\":\"2022-09-08T07:31:28.000+00:00\",\"updateDate\":\"2022-09-08T07:31:28.000+00:00\",\"processInstanceId\":\"\",\"status\":0,\"createDateStr\":\"2022-09-08 15:31:28\",\"leaveTypeStr\":\"事假\",\"startDateStr\":\"2022-09-08 00:00:00\",\"statusStr\":\"已撤回\",\"endDateStr\":\"2022-09-16 23:59:59\",\"updateDateStr\":\"2022-09-08 15:31:28\"}', 'java.util.LinkedHashMap');
INSERT INTO `act_hi_detail` VALUES ('25c99028-34a8-11ed-a5e5-283a4d3b4979', 'VariableUpdate', 'b98a3e96-34a0-11ed-a5e5-283a4d3b4979', 'b98a3e96-34a0-11ed-a5e5-283a4d3b4979', NULL, NULL, 'entity', 'json', 1, '2022-09-15 11:40:31.147', NULL, NULL, NULL, '{\"id\":\"1567777623949111297\",\"username\":\"admin\",\"leaveType\":2,\"title\":\"12345\",\"leaveReason\":\"4567\",\"startDate\":\"2022-09-07T16:00:00.000+00:00\",\"endDate\":\"2022-09-16T15:59:59.000+00:00\",\"duration\":9,\"principal\":\"2\",\"contactPhone\":\"1\",\"createDate\":\"2022-09-08T07:31:28.000+00:00\",\"updateDate\":\"2022-09-08T07:31:28.000+00:00\",\"processInstanceId\":\"\",\"status\":0,\"createDateStr\":\"2022-09-08 15:31:28\",\"leaveTypeStr\":\"事假\",\"startDateStr\":\"2022-09-08 00:00:00\",\"statusStr\":\"已撤回\",\"endDateStr\":\"2022-09-16 23:59:59\",\"updateDateStr\":\"2022-09-08 15:31:28\"}', 'java.util.LinkedHashMap');
INSERT INTO `act_hi_detail` VALUES ('25c9b739-34a8-11ed-a5e5-283a4d3b4979', 'VariableUpdate', 'b98a3e96-34a0-11ed-a5e5-283a4d3b4979', 'b98a3e96-34a0-11ed-a5e5-283a4d3b4979', NULL, NULL, 'formName', 'string', 1, '2022-09-15 11:40:31.148', NULL, NULL, NULL, 'LeaveForm', NULL);
INSERT INTO `act_hi_detail` VALUES ('25ca537d-34a8-11ed-a5e5-283a4d3b4979', 'VariableUpdate', 'b98a3e96-34a0-11ed-a5e5-283a4d3b4979', 'b98c3a6c-34a0-11ed-a5e5-283a4d3b4979', '25ca055b-34a8-11ed-a5e5-283a4d3b4979', NULL, 'formName', 'string', 0, '2022-09-15 11:40:31.152', NULL, NULL, NULL, 'LeaveForm', NULL);
INSERT INTO `act_hi_detail` VALUES ('25ca537f-34a8-11ed-a5e5-283a4d3b4979', 'VariableUpdate', 'b98a3e96-34a0-11ed-a5e5-283a4d3b4979', 'b98c3a6c-34a0-11ed-a5e5-283a4d3b4979', '25ca055b-34a8-11ed-a5e5-283a4d3b4979', NULL, 'entity', 'json', 0, '2022-09-15 11:40:31.152', NULL, NULL, NULL, '{\"id\":\"1567777623949111297\",\"username\":\"admin\",\"leaveType\":2,\"title\":\"12345\",\"leaveReason\":\"4567\",\"startDate\":\"2022-09-07T16:00:00.000+00:00\",\"endDate\":\"2022-09-16T15:59:59.000+00:00\",\"duration\":9,\"principal\":\"2\",\"contactPhone\":\"1\",\"createDate\":\"2022-09-08T07:31:28.000+00:00\",\"updateDate\":\"2022-09-08T07:31:28.000+00:00\",\"processInstanceId\":\"\",\"status\":0,\"createDateStr\":\"2022-09-08 15:31:28\",\"leaveTypeStr\":\"事假\",\"startDateStr\":\"2022-09-08 00:00:00\",\"statusStr\":\"已撤回\",\"endDateStr\":\"2022-09-16 23:59:59\",\"updateDateStr\":\"2022-09-08 15:31:28\"}', 'java.util.LinkedHashMap');
INSERT INTO `act_hi_detail` VALUES ('2cf691a2-34a8-11ed-a5e5-283a4d3b4979', 'VariableUpdate', 'b98a3e96-34a0-11ed-a5e5-283a4d3b4979', 'b98a3e96-34a0-11ed-a5e5-283a4d3b4979', NULL, NULL, 'entity', 'json', 1, '2022-09-15 11:40:43.186', NULL, NULL, NULL, '{\"id\":\"1567777623949111297\",\"username\":\"admin\",\"leaveType\":2,\"title\":\"12345\",\"leaveReason\":\"4567\",\"startDate\":\"2022-09-07T16:00:00.000+00:00\",\"endDate\":\"2022-09-16T15:59:59.000+00:00\",\"duration\":9,\"principal\":\"2\",\"contactPhone\":\"1\",\"createDate\":\"2022-09-08T07:31:28.000+00:00\",\"updateDate\":\"2022-09-08T07:31:28.000+00:00\",\"processInstanceId\":\"\",\"status\":0,\"createDateStr\":\"2022-09-08 15:31:28\",\"leaveTypeStr\":\"事假\",\"startDateStr\":\"2022-09-08 00:00:00\",\"statusStr\":\"已撤回\",\"endDateStr\":\"2022-09-16 23:59:59\",\"updateDateStr\":\"2022-09-08 15:31:28\"}', 'java.util.LinkedHashMap');
INSERT INTO `act_hi_detail` VALUES ('2cf6b8b3-34a8-11ed-a5e5-283a4d3b4979', 'VariableUpdate', 'b98a3e96-34a0-11ed-a5e5-283a4d3b4979', 'b98a3e96-34a0-11ed-a5e5-283a4d3b4979', NULL, NULL, 'formName', 'string', 1, '2022-09-15 11:40:43.187', NULL, NULL, NULL, 'LeaveForm', NULL);
INSERT INTO `act_hi_detail` VALUES ('2cf706d7-34a8-11ed-a5e5-283a4d3b4979', 'VariableUpdate', 'b98a3e96-34a0-11ed-a5e5-283a4d3b4979', 'b98c3a6c-34a0-11ed-a5e5-283a4d3b4979', '2cf6dfc5-34a8-11ed-a5e5-283a4d3b4979', NULL, 'formName', 'string', 0, '2022-09-15 11:40:43.189', NULL, NULL, NULL, 'LeaveForm', NULL);
INSERT INTO `act_hi_detail` VALUES ('2cf72de9-34a8-11ed-a5e5-283a4d3b4979', 'VariableUpdate', 'b98a3e96-34a0-11ed-a5e5-283a4d3b4979', 'b98c3a6c-34a0-11ed-a5e5-283a4d3b4979', '2cf6dfc5-34a8-11ed-a5e5-283a4d3b4979', NULL, 'entity', 'json', 0, '2022-09-15 11:40:43.190', NULL, NULL, NULL, '{\"id\":\"1567777623949111297\",\"username\":\"admin\",\"leaveType\":2,\"title\":\"12345\",\"leaveReason\":\"4567\",\"startDate\":\"2022-09-07T16:00:00.000+00:00\",\"endDate\":\"2022-09-16T15:59:59.000+00:00\",\"duration\":9,\"principal\":\"2\",\"contactPhone\":\"1\",\"createDate\":\"2022-09-08T07:31:28.000+00:00\",\"updateDate\":\"2022-09-08T07:31:28.000+00:00\",\"processInstanceId\":\"\",\"status\":0,\"createDateStr\":\"2022-09-08 15:31:28\",\"leaveTypeStr\":\"事假\",\"startDateStr\":\"2022-09-08 00:00:00\",\"statusStr\":\"已撤回\",\"endDateStr\":\"2022-09-16 23:59:59\",\"updateDateStr\":\"2022-09-08 15:31:28\"}', 'java.util.LinkedHashMap');
INSERT INTO `act_hi_detail` VALUES ('2ff6b4ef-32ff-11ed-87bc-283a4d3b4979', 'VariableUpdate', '029458f3-32fb-11ed-9c60-283a4d3b4979', '029458f3-32fb-11ed-9c60-283a4d3b4979', NULL, NULL, 'entity', 'json', 1, '2022-09-13 08:58:32.110', NULL, NULL, NULL, '{\"id\":\"1569483068132782082\",\"username\":\"admin\",\"leaveType\":2,\"title\":\"事假123\",\"leaveReason\":\"事假123\",\"startDate\":\"2022-09-12T16:00:00.000+00:00\",\"endDate\":\"2022-09-23T15:59:59.000+00:00\",\"duration\":11,\"principal\":\"2\",\"contactPhone\":\"1\",\"createDate\":\"2022-09-13T00:28:17.000+00:00\",\"updateDate\":\"2022-09-13T00:28:17.000+00:00\",\"status\":1,\"statusStr\":\"待提交\",\"startDateStr\":\"2022-09-13 00:00:00\",\"endDateStr\":\"2022-09-23 23:59:59\",\"createDateStr\":\"2022-09-13 08:28:17\",\"leaveTypeStr\":\"事假\",\"updateDateStr\":\"2022-09-13 08:28:17\"}', 'java.util.LinkedHashMap');
INSERT INTO `act_hi_detail` VALUES ('2ff72a20-32ff-11ed-87bc-283a4d3b4979', 'VariableUpdate', '029458f3-32fb-11ed-9c60-283a4d3b4979', '029458f3-32fb-11ed-9c60-283a4d3b4979', NULL, NULL, 'formName', 'string', 1, '2022-09-13 08:58:32.113', NULL, NULL, NULL, 'LeaveForm', NULL);
INSERT INTO `act_hi_detail` VALUES ('2ffbbe04-32ff-11ed-87bc-283a4d3b4979', 'VariableUpdate', '029458f3-32fb-11ed-9c60-283a4d3b4979', '02951c49-32fb-11ed-9c60-283a4d3b4979', '2ffb21c2-32ff-11ed-87bc-283a4d3b4979', NULL, 'formName', 'string', 0, '2022-09-13 08:58:32.143', NULL, NULL, NULL, 'LeaveForm', NULL);
INSERT INTO `act_hi_detail` VALUES ('2ffbe516-32ff-11ed-87bc-283a4d3b4979', 'VariableUpdate', '029458f3-32fb-11ed-9c60-283a4d3b4979', '02951c49-32fb-11ed-9c60-283a4d3b4979', '2ffb21c2-32ff-11ed-87bc-283a4d3b4979', NULL, 'entity', 'json', 0, '2022-09-13 08:58:32.144', NULL, NULL, NULL, '{\"id\":\"1569483068132782082\",\"username\":\"admin\",\"leaveType\":2,\"title\":\"事假123\",\"leaveReason\":\"事假123\",\"startDate\":\"2022-09-12T16:00:00.000+00:00\",\"endDate\":\"2022-09-23T15:59:59.000+00:00\",\"duration\":11,\"principal\":\"2\",\"contactPhone\":\"1\",\"createDate\":\"2022-09-13T00:28:17.000+00:00\",\"updateDate\":\"2022-09-13T00:28:17.000+00:00\",\"status\":1,\"statusStr\":\"待提交\",\"startDateStr\":\"2022-09-13 00:00:00\",\"endDateStr\":\"2022-09-23 23:59:59\",\"createDateStr\":\"2022-09-13 08:28:17\",\"leaveTypeStr\":\"事假\",\"updateDateStr\":\"2022-09-13 08:28:17\"}', 'java.util.LinkedHashMap');
INSERT INTO `act_hi_detail` VALUES ('3d31145c-34a8-11ed-a5e5-283a4d3b4979', 'VariableUpdate', 'c7443de8-33c7-11ed-86cc-283a4d3b4979', 'c7443de8-33c7-11ed-86cc-283a4d3b4979', NULL, NULL, 'entity', 'json', 1, '2022-09-15 11:41:10.413', NULL, NULL, NULL, '{\"id\":\"1568112800827052034\",\"username\":\"admin\",\"leaveType\":2,\"title\":\"事假23\",\"leaveReason\":\"43254\",\"startDate\":\"2022-09-08T16:00:00.000+00:00\",\"endDate\":\"2022-09-16T15:59:59.000+00:00\",\"duration\":8,\"principal\":\"34\",\"contactPhone\":\"12\",\"createDate\":\"2022-09-09T05:43:20.000+00:00\",\"updateDate\":\"2022-09-09T05:43:20.000+00:00\",\"processInstanceId\":\"\",\"status\":0,\"endDateStr\":\"2022-09-16 23:59:59\",\"statusStr\":\"已撤回\",\"startDateStr\":\"2022-09-09 00:00:00\",\"createDateStr\":\"2022-09-09 13:43:20\",\"updateDateStr\":\"2022-09-09 13:43:20\",\"leaveTypeStr\":\"事假\"}', 'java.util.LinkedHashMap');
INSERT INTO `act_hi_detail` VALUES ('3d313b6d-34a8-11ed-a5e5-283a4d3b4979', 'VariableUpdate', 'c7443de8-33c7-11ed-86cc-283a4d3b4979', 'c7443de8-33c7-11ed-86cc-283a4d3b4979', NULL, NULL, 'formName', 'string', 1, '2022-09-15 11:41:10.414', NULL, NULL, NULL, 'LeaveForm', NULL);
INSERT INTO `act_hi_detail` VALUES ('3d31b0a1-34a8-11ed-a5e5-283a4d3b4979', 'VariableUpdate', 'c7443de8-33c7-11ed-86cc-283a4d3b4979', 'c745013e-33c7-11ed-86cc-283a4d3b4979', '3d31898f-34a8-11ed-a5e5-283a4d3b4979', NULL, 'formName', 'string', 0, '2022-09-15 11:41:10.417', NULL, NULL, NULL, 'LeaveForm', NULL);
INSERT INTO `act_hi_detail` VALUES ('3d31b0a3-34a8-11ed-a5e5-283a4d3b4979', 'VariableUpdate', 'c7443de8-33c7-11ed-86cc-283a4d3b4979', 'c745013e-33c7-11ed-86cc-283a4d3b4979', '3d31898f-34a8-11ed-a5e5-283a4d3b4979', NULL, 'entity', 'json', 0, '2022-09-15 11:41:10.417', NULL, NULL, NULL, '{\"id\":\"1568112800827052034\",\"username\":\"admin\",\"leaveType\":2,\"title\":\"事假23\",\"leaveReason\":\"43254\",\"startDate\":\"2022-09-08T16:00:00.000+00:00\",\"endDate\":\"2022-09-16T15:59:59.000+00:00\",\"duration\":8,\"principal\":\"34\",\"contactPhone\":\"12\",\"createDate\":\"2022-09-09T05:43:20.000+00:00\",\"updateDate\":\"2022-09-09T05:43:20.000+00:00\",\"processInstanceId\":\"\",\"status\":0,\"endDateStr\":\"2022-09-16 23:59:59\",\"statusStr\":\"已撤回\",\"startDateStr\":\"2022-09-09 00:00:00\",\"createDateStr\":\"2022-09-09 13:43:20\",\"updateDateStr\":\"2022-09-09 13:43:20\",\"leaveTypeStr\":\"事假\"}', 'java.util.LinkedHashMap');
INSERT INTO `act_hi_detail` VALUES ('41266a76-34a8-11ed-a5e5-283a4d3b4979', 'VariableUpdate', 'c7443de8-33c7-11ed-86cc-283a4d3b4979', 'c7443de8-33c7-11ed-86cc-283a4d3b4979', NULL, NULL, 'entity', 'json', 1, '2022-09-15 11:41:17.054', NULL, NULL, NULL, '{\"id\":\"1568112800827052034\",\"username\":\"admin\",\"leaveType\":2,\"title\":\"事假23\",\"leaveReason\":\"43254\",\"startDate\":\"2022-09-08T16:00:00.000+00:00\",\"endDate\":\"2022-09-16T15:59:59.000+00:00\",\"duration\":8,\"principal\":\"34\",\"contactPhone\":\"12\",\"createDate\":\"2022-09-09T05:43:20.000+00:00\",\"updateDate\":\"2022-09-09T05:43:20.000+00:00\",\"processInstanceId\":\"\",\"status\":0,\"endDateStr\":\"2022-09-16 23:59:59\",\"statusStr\":\"已撤回\",\"startDateStr\":\"2022-09-09 00:00:00\",\"createDateStr\":\"2022-09-09 13:43:20\",\"updateDateStr\":\"2022-09-09 13:43:20\",\"leaveTypeStr\":\"事假\"}', 'java.util.LinkedHashMap');
INSERT INTO `act_hi_detail` VALUES ('41269187-34a8-11ed-a5e5-283a4d3b4979', 'VariableUpdate', 'c7443de8-33c7-11ed-86cc-283a4d3b4979', 'c7443de8-33c7-11ed-86cc-283a4d3b4979', NULL, NULL, 'formName', 'string', 1, '2022-09-15 11:41:17.055', NULL, NULL, NULL, 'LeaveForm', NULL);
INSERT INTO `act_hi_detail` VALUES ('412706bb-34a8-11ed-a5e5-283a4d3b4979', 'VariableUpdate', 'c7443de8-33c7-11ed-86cc-283a4d3b4979', 'c745013e-33c7-11ed-86cc-283a4d3b4979', '4126dfa9-34a8-11ed-a5e5-283a4d3b4979', NULL, 'formName', 'string', 0, '2022-09-15 11:41:17.058', NULL, NULL, NULL, 'LeaveForm', NULL);
INSERT INTO `act_hi_detail` VALUES ('412706bd-34a8-11ed-a5e5-283a4d3b4979', 'VariableUpdate', 'c7443de8-33c7-11ed-86cc-283a4d3b4979', 'c745013e-33c7-11ed-86cc-283a4d3b4979', '4126dfa9-34a8-11ed-a5e5-283a4d3b4979', NULL, 'entity', 'json', 0, '2022-09-15 11:41:17.058', NULL, NULL, NULL, '{\"id\":\"1568112800827052034\",\"username\":\"admin\",\"leaveType\":2,\"title\":\"事假23\",\"leaveReason\":\"43254\",\"startDate\":\"2022-09-08T16:00:00.000+00:00\",\"endDate\":\"2022-09-16T15:59:59.000+00:00\",\"duration\":8,\"principal\":\"34\",\"contactPhone\":\"12\",\"createDate\":\"2022-09-09T05:43:20.000+00:00\",\"updateDate\":\"2022-09-09T05:43:20.000+00:00\",\"processInstanceId\":\"\",\"status\":0,\"endDateStr\":\"2022-09-16 23:59:59\",\"statusStr\":\"已撤回\",\"startDateStr\":\"2022-09-09 00:00:00\",\"createDateStr\":\"2022-09-09 13:43:20\",\"updateDateStr\":\"2022-09-09 13:43:20\",\"leaveTypeStr\":\"事假\"}', 'java.util.LinkedHashMap');
INSERT INTO `act_hi_detail` VALUES ('44839f40-34a8-11ed-a5e5-283a4d3b4979', 'VariableUpdate', 'c7443de8-33c7-11ed-86cc-283a4d3b4979', 'c7443de8-33c7-11ed-86cc-283a4d3b4979', NULL, NULL, 'entity', 'json', 1, '2022-09-15 11:41:22.698', NULL, NULL, NULL, '{\"id\":\"1568112800827052034\",\"username\":\"admin\",\"leaveType\":2,\"title\":\"事假23\",\"leaveReason\":\"43254\",\"startDate\":\"2022-09-08T16:00:00.000+00:00\",\"endDate\":\"2022-09-16T15:59:59.000+00:00\",\"duration\":8,\"principal\":\"34\",\"contactPhone\":\"12\",\"createDate\":\"2022-09-09T05:43:20.000+00:00\",\"updateDate\":\"2022-09-09T05:43:20.000+00:00\",\"processInstanceId\":\"\",\"status\":0,\"endDateStr\":\"2022-09-16 23:59:59\",\"statusStr\":\"已撤回\",\"startDateStr\":\"2022-09-09 00:00:00\",\"createDateStr\":\"2022-09-09 13:43:20\",\"updateDateStr\":\"2022-09-09 13:43:20\",\"leaveTypeStr\":\"事假\"}', 'java.util.LinkedHashMap');
INSERT INTO `act_hi_detail` VALUES ('4483c651-34a8-11ed-a5e5-283a4d3b4979', 'VariableUpdate', 'c7443de8-33c7-11ed-86cc-283a4d3b4979', 'c7443de8-33c7-11ed-86cc-283a4d3b4979', NULL, NULL, 'formName', 'string', 1, '2022-09-15 11:41:22.699', NULL, NULL, NULL, 'LeaveForm', NULL);
INSERT INTO `act_hi_detail` VALUES ('44843b85-34a8-11ed-a5e5-283a4d3b4979', 'VariableUpdate', 'c7443de8-33c7-11ed-86cc-283a4d3b4979', 'c745013e-33c7-11ed-86cc-283a4d3b4979', '4483ed63-34a8-11ed-a5e5-283a4d3b4979', NULL, 'formName', 'string', 0, '2022-09-15 11:41:22.702', NULL, NULL, NULL, 'LeaveForm', NULL);
INSERT INTO `act_hi_detail` VALUES ('44843b87-34a8-11ed-a5e5-283a4d3b4979', 'VariableUpdate', 'c7443de8-33c7-11ed-86cc-283a4d3b4979', 'c745013e-33c7-11ed-86cc-283a4d3b4979', '4483ed63-34a8-11ed-a5e5-283a4d3b4979', NULL, 'entity', 'json', 0, '2022-09-15 11:41:22.702', NULL, NULL, NULL, '{\"id\":\"1568112800827052034\",\"username\":\"admin\",\"leaveType\":2,\"title\":\"事假23\",\"leaveReason\":\"43254\",\"startDate\":\"2022-09-08T16:00:00.000+00:00\",\"endDate\":\"2022-09-16T15:59:59.000+00:00\",\"duration\":8,\"principal\":\"34\",\"contactPhone\":\"12\",\"createDate\":\"2022-09-09T05:43:20.000+00:00\",\"updateDate\":\"2022-09-09T05:43:20.000+00:00\",\"processInstanceId\":\"\",\"status\":0,\"endDateStr\":\"2022-09-16 23:59:59\",\"statusStr\":\"已撤回\",\"startDateStr\":\"2022-09-09 00:00:00\",\"createDateStr\":\"2022-09-09 13:43:20\",\"updateDateStr\":\"2022-09-09 13:43:20\",\"leaveTypeStr\":\"事假\"}', 'java.util.LinkedHashMap');
INSERT INTO `act_hi_detail` VALUES ('47d1b8da-34a8-11ed-a5e5-283a4d3b4979', 'VariableUpdate', 'c7443de8-33c7-11ed-86cc-283a4d3b4979', 'c7443de8-33c7-11ed-86cc-283a4d3b4979', NULL, NULL, 'entity', 'json', 1, '2022-09-15 11:41:28.243', NULL, NULL, NULL, '{\"id\":\"1568112800827052034\",\"username\":\"admin\",\"leaveType\":2,\"title\":\"事假23\",\"leaveReason\":\"43254\",\"startDate\":\"2022-09-08T16:00:00.000+00:00\",\"endDate\":\"2022-09-16T15:59:59.000+00:00\",\"duration\":8,\"principal\":\"34\",\"contactPhone\":\"12\",\"createDate\":\"2022-09-09T05:43:20.000+00:00\",\"updateDate\":\"2022-09-09T05:43:20.000+00:00\",\"processInstanceId\":\"\",\"status\":0,\"endDateStr\":\"2022-09-16 23:59:59\",\"statusStr\":\"已撤回\",\"startDateStr\":\"2022-09-09 00:00:00\",\"createDateStr\":\"2022-09-09 13:43:20\",\"updateDateStr\":\"2022-09-09 13:43:20\",\"leaveTypeStr\":\"事假\"}', 'java.util.LinkedHashMap');
INSERT INTO `act_hi_detail` VALUES ('47d1dfeb-34a8-11ed-a5e5-283a4d3b4979', 'VariableUpdate', 'c7443de8-33c7-11ed-86cc-283a4d3b4979', 'c7443de8-33c7-11ed-86cc-283a4d3b4979', NULL, NULL, 'formName', 'string', 1, '2022-09-15 11:41:28.244', NULL, NULL, NULL, 'LeaveForm', NULL);
INSERT INTO `act_hi_detail` VALUES ('47d2551f-34a8-11ed-a5e5-283a4d3b4979', 'VariableUpdate', 'c7443de8-33c7-11ed-86cc-283a4d3b4979', 'c745013e-33c7-11ed-86cc-283a4d3b4979', '47d22e0d-34a8-11ed-a5e5-283a4d3b4979', NULL, 'formName', 'string', 0, '2022-09-15 11:41:28.247', NULL, NULL, NULL, 'LeaveForm', NULL);
INSERT INTO `act_hi_detail` VALUES ('47d25521-34a8-11ed-a5e5-283a4d3b4979', 'VariableUpdate', 'c7443de8-33c7-11ed-86cc-283a4d3b4979', 'c745013e-33c7-11ed-86cc-283a4d3b4979', '47d22e0d-34a8-11ed-a5e5-283a4d3b4979', NULL, 'entity', 'json', 0, '2022-09-15 11:41:28.247', NULL, NULL, NULL, '{\"id\":\"1568112800827052034\",\"username\":\"admin\",\"leaveType\":2,\"title\":\"事假23\",\"leaveReason\":\"43254\",\"startDate\":\"2022-09-08T16:00:00.000+00:00\",\"endDate\":\"2022-09-16T15:59:59.000+00:00\",\"duration\":8,\"principal\":\"34\",\"contactPhone\":\"12\",\"createDate\":\"2022-09-09T05:43:20.000+00:00\",\"updateDate\":\"2022-09-09T05:43:20.000+00:00\",\"processInstanceId\":\"\",\"status\":0,\"endDateStr\":\"2022-09-16 23:59:59\",\"statusStr\":\"已撤回\",\"startDateStr\":\"2022-09-09 00:00:00\",\"createDateStr\":\"2022-09-09 13:43:20\",\"updateDateStr\":\"2022-09-09 13:43:20\",\"leaveTypeStr\":\"事假\"}', 'java.util.LinkedHashMap');
INSERT INTO `act_hi_detail` VALUES ('4c501514-34a8-11ed-a5e5-283a4d3b4979', 'VariableUpdate', 'c7443de8-33c7-11ed-86cc-283a4d3b4979', 'c7443de8-33c7-11ed-86cc-283a4d3b4979', NULL, NULL, 'entity', 'json', 1, '2022-09-15 11:41:35.782', NULL, NULL, NULL, '{\"id\":\"1568112800827052034\",\"username\":\"admin\",\"leaveType\":2,\"title\":\"事假23\",\"leaveReason\":\"43254\",\"startDate\":\"2022-09-08T16:00:00.000+00:00\",\"endDate\":\"2022-09-16T15:59:59.000+00:00\",\"duration\":8,\"principal\":\"34\",\"contactPhone\":\"12\",\"createDate\":\"2022-09-09T05:43:20.000+00:00\",\"updateDate\":\"2022-09-09T05:43:20.000+00:00\",\"processInstanceId\":\"\",\"status\":0,\"endDateStr\":\"2022-09-16 23:59:59\",\"statusStr\":\"已撤回\",\"startDateStr\":\"2022-09-09 00:00:00\",\"createDateStr\":\"2022-09-09 13:43:20\",\"updateDateStr\":\"2022-09-09 13:43:20\",\"leaveTypeStr\":\"事假\"}', 'java.util.LinkedHashMap');
INSERT INTO `act_hi_detail` VALUES ('4c503c25-34a8-11ed-a5e5-283a4d3b4979', 'VariableUpdate', 'c7443de8-33c7-11ed-86cc-283a4d3b4979', 'c7443de8-33c7-11ed-86cc-283a4d3b4979', NULL, NULL, 'formName', 'string', 1, '2022-09-15 11:41:35.783', NULL, NULL, NULL, 'LeaveForm', NULL);
INSERT INTO `act_hi_detail` VALUES ('5a1ec7e8-34a8-11ed-a5e5-283a4d3b4979', 'VariableUpdate', 'b98a3e96-34a0-11ed-a5e5-283a4d3b4979', 'b98a3e96-34a0-11ed-a5e5-283a4d3b4979', NULL, NULL, 'entity', 'json', 1, '2022-09-15 11:41:58.947', NULL, NULL, NULL, '{\"id\":\"1567777623949111297\",\"username\":\"admin\",\"leaveType\":2,\"title\":\"12345\",\"leaveReason\":\"4567\",\"startDate\":\"2022-09-07T16:00:00.000+00:00\",\"endDate\":\"2022-09-16T15:59:59.000+00:00\",\"duration\":9,\"principal\":\"2\",\"contactPhone\":\"1\",\"createDate\":\"2022-09-08T07:31:28.000+00:00\",\"updateDate\":\"2022-09-08T07:31:28.000+00:00\",\"processInstanceId\":\"\",\"status\":0,\"createDateStr\":\"2022-09-08 15:31:28\",\"leaveTypeStr\":\"事假\",\"startDateStr\":\"2022-09-08 00:00:00\",\"statusStr\":\"已撤回\",\"endDateStr\":\"2022-09-16 23:59:59\",\"updateDateStr\":\"2022-09-08 15:31:28\"}', 'java.util.LinkedHashMap');
INSERT INTO `act_hi_detail` VALUES ('5a1eeef9-34a8-11ed-a5e5-283a4d3b4979', 'VariableUpdate', 'b98a3e96-34a0-11ed-a5e5-283a4d3b4979', 'b98a3e96-34a0-11ed-a5e5-283a4d3b4979', NULL, NULL, 'formName', 'string', 1, '2022-09-15 11:41:58.948', NULL, NULL, NULL, 'LeaveForm', NULL);
INSERT INTO `act_hi_detail` VALUES ('5a1f3d1d-34a8-11ed-a5e5-283a4d3b4979', 'VariableUpdate', 'b98a3e96-34a0-11ed-a5e5-283a4d3b4979', 'b98c3a6c-34a0-11ed-a5e5-283a4d3b4979', '5a1f160b-34a8-11ed-a5e5-283a4d3b4979', NULL, 'formName', 'string', 0, '2022-09-15 11:41:58.950', NULL, NULL, NULL, 'LeaveForm', NULL);
INSERT INTO `act_hi_detail` VALUES ('5a1f3d1f-34a8-11ed-a5e5-283a4d3b4979', 'VariableUpdate', 'b98a3e96-34a0-11ed-a5e5-283a4d3b4979', 'b98c3a6c-34a0-11ed-a5e5-283a4d3b4979', '5a1f160b-34a8-11ed-a5e5-283a4d3b4979', NULL, 'entity', 'json', 0, '2022-09-15 11:41:58.950', NULL, NULL, NULL, '{\"id\":\"1567777623949111297\",\"username\":\"admin\",\"leaveType\":2,\"title\":\"12345\",\"leaveReason\":\"4567\",\"startDate\":\"2022-09-07T16:00:00.000+00:00\",\"endDate\":\"2022-09-16T15:59:59.000+00:00\",\"duration\":9,\"principal\":\"2\",\"contactPhone\":\"1\",\"createDate\":\"2022-09-08T07:31:28.000+00:00\",\"updateDate\":\"2022-09-08T07:31:28.000+00:00\",\"processInstanceId\":\"\",\"status\":0,\"createDateStr\":\"2022-09-08 15:31:28\",\"leaveTypeStr\":\"事假\",\"startDateStr\":\"2022-09-08 00:00:00\",\"statusStr\":\"已撤回\",\"endDateStr\":\"2022-09-16 23:59:59\",\"updateDateStr\":\"2022-09-08 15:31:28\"}', 'java.util.LinkedHashMap');
INSERT INTO `act_hi_detail` VALUES ('8c58ea1a-32ff-11ed-87bc-283a4d3b4979', 'VariableUpdate', '029458f3-32fb-11ed-9c60-283a4d3b4979', '029458f3-32fb-11ed-9c60-283a4d3b4979', NULL, NULL, 'entity', 'json', 1, '2022-09-13 09:01:07.104', NULL, NULL, NULL, '{\"id\":\"1569483068132782082\",\"username\":\"admin\",\"leaveType\":2,\"title\":\"事假123\",\"leaveReason\":\"事假123\",\"startDate\":\"2022-09-12T16:00:00.000+00:00\",\"endDate\":\"2022-09-23T15:59:59.000+00:00\",\"duration\":11,\"principal\":\"2\",\"contactPhone\":\"1\",\"createDate\":\"2022-09-13T00:28:17.000+00:00\",\"updateDate\":\"2022-09-13T00:28:17.000+00:00\",\"status\":1,\"statusStr\":\"待提交\",\"startDateStr\":\"2022-09-13 00:00:00\",\"endDateStr\":\"2022-09-23 23:59:59\",\"createDateStr\":\"2022-09-13 08:28:17\",\"leaveTypeStr\":\"事假\",\"updateDateStr\":\"2022-09-13 08:28:17\"}', 'java.util.LinkedHashMap');
INSERT INTO `act_hi_detail` VALUES ('8c59112b-32ff-11ed-87bc-283a4d3b4979', 'VariableUpdate', '029458f3-32fb-11ed-9c60-283a4d3b4979', '029458f3-32fb-11ed-9c60-283a4d3b4979', NULL, NULL, 'formName', 'string', 1, '2022-09-13 09:01:07.105', NULL, NULL, NULL, 'LeaveForm', NULL);
INSERT INTO `act_hi_detail` VALUES ('8c5a229f-32ff-11ed-87bc-283a4d3b4979', 'VariableUpdate', '029458f3-32fb-11ed-9c60-283a4d3b4979', '02951c49-32fb-11ed-9c60-283a4d3b4979', '8c59ad6d-32ff-11ed-87bc-283a4d3b4979', NULL, 'formName', 'string', 0, '2022-09-13 09:01:07.112', NULL, NULL, NULL, 'LeaveForm', NULL);
INSERT INTO `act_hi_detail` VALUES ('8c5a22a1-32ff-11ed-87bc-283a4d3b4979', 'VariableUpdate', '029458f3-32fb-11ed-9c60-283a4d3b4979', '02951c49-32fb-11ed-9c60-283a4d3b4979', '8c59ad6d-32ff-11ed-87bc-283a4d3b4979', NULL, 'entity', 'json', 0, '2022-09-13 09:01:07.112', NULL, NULL, NULL, '{\"id\":\"1569483068132782082\",\"username\":\"admin\",\"leaveType\":2,\"title\":\"事假123\",\"leaveReason\":\"事假123\",\"startDate\":\"2022-09-12T16:00:00.000+00:00\",\"endDate\":\"2022-09-23T15:59:59.000+00:00\",\"duration\":11,\"principal\":\"2\",\"contactPhone\":\"1\",\"createDate\":\"2022-09-13T00:28:17.000+00:00\",\"updateDate\":\"2022-09-13T00:28:17.000+00:00\",\"status\":1,\"statusStr\":\"待提交\",\"startDateStr\":\"2022-09-13 00:00:00\",\"endDateStr\":\"2022-09-23 23:59:59\",\"createDateStr\":\"2022-09-13 08:28:17\",\"leaveTypeStr\":\"事假\",\"updateDateStr\":\"2022-09-13 08:28:17\"}', 'java.util.LinkedHashMap');
INSERT INTO `act_hi_detail` VALUES ('924a5bd4-34a8-11ed-a5e5-283a4d3b4979', 'VariableUpdate', '924a5bd1-34a8-11ed-a5e5-283a4d3b4979', '924a5bd1-34a8-11ed-a5e5-283a4d3b4979', NULL, NULL, 'entity', 'json', 0, '2022-09-15 11:43:33.185', NULL, NULL, NULL, '{\"id\":\"1570250806270881793\",\"username\":\"admin\",\"leaveType\":1,\"title\":\"0915\",\"leaveReason\":\"请假病假\",\"startDate\":\"2022-09-14T16:00:00.000+00:00\",\"endDate\":\"2022-09-23T15:59:59.000+00:00\",\"duration\":8.9,\"createDate\":\"2022-09-15T03:19:00.000+00:00\",\"updateDate\":\"2022-09-15T03:19:00.000+00:00\",\"processInstanceId\":\"\",\"status\":0,\"createDateStr\":\"2022-09-15 11:19:00\",\"leaveTypeStr\":\"病假\",\"startDateStr\":\"2022-09-15 00:00:00\",\"statusStr\":\"已撤回\",\"endDateStr\":\"2022-09-23 23:59:59\",\"updateDateStr\":\"2022-09-15 11:19:00\"}', 'java.util.LinkedHashMap');
INSERT INTO `act_hi_detail` VALUES ('924a5bd6-34a8-11ed-a5e5-283a4d3b4979', 'VariableUpdate', '924a5bd1-34a8-11ed-a5e5-283a4d3b4979', '924a5bd1-34a8-11ed-a5e5-283a4d3b4979', NULL, NULL, 'formName', 'string', 0, '2022-09-15 11:43:33.185', NULL, NULL, NULL, 'LeaveForm', NULL);
INSERT INTO `act_hi_detail` VALUES ('924a82ec-34a8-11ed-a5e5-283a4d3b4979', 'VariableUpdate', '924a5bd1-34a8-11ed-a5e5-283a4d3b4979', '924a5bd7-34a8-11ed-a5e5-283a4d3b4979', '924a82ea-34a8-11ed-a5e5-283a4d3b4979', NULL, 'formName', 'string', 0, '2022-09-15 11:43:33.186', NULL, NULL, NULL, 'LeaveForm', NULL);
INSERT INTO `act_hi_detail` VALUES ('924a82ee-34a8-11ed-a5e5-283a4d3b4979', 'VariableUpdate', '924a5bd1-34a8-11ed-a5e5-283a4d3b4979', '924a5bd7-34a8-11ed-a5e5-283a4d3b4979', '924a82ea-34a8-11ed-a5e5-283a4d3b4979', NULL, 'entity', 'json', 0, '2022-09-15 11:43:33.186', NULL, NULL, NULL, '{\"id\":\"1570250806270881793\",\"username\":\"admin\",\"leaveType\":1,\"title\":\"0915\",\"leaveReason\":\"请假病假\",\"startDate\":\"2022-09-14T16:00:00.000+00:00\",\"endDate\":\"2022-09-23T15:59:59.000+00:00\",\"duration\":8.9,\"createDate\":\"2022-09-15T03:19:00.000+00:00\",\"updateDate\":\"2022-09-15T03:19:00.000+00:00\",\"processInstanceId\":\"\",\"status\":0,\"createDateStr\":\"2022-09-15 11:19:00\",\"leaveTypeStr\":\"病假\",\"startDateStr\":\"2022-09-15 00:00:00\",\"statusStr\":\"已撤回\",\"endDateStr\":\"2022-09-23 23:59:59\",\"updateDateStr\":\"2022-09-15 11:19:00\"}', 'java.util.LinkedHashMap');
INSERT INTO `act_hi_detail` VALUES ('b98bc539-34a0-11ed-a5e5-283a4d3b4979', 'VariableUpdate', 'b98a3e96-34a0-11ed-a5e5-283a4d3b4979', 'b98a3e96-34a0-11ed-a5e5-283a4d3b4979', NULL, NULL, 'entity', 'json', 0, '2022-09-15 10:47:23.071', NULL, NULL, NULL, '{\"id\":\"1567777623949111297\",\"username\":\"admin\",\"leaveType\":2,\"title\":\"12345\",\"leaveReason\":\"4567\",\"startDate\":\"2022-09-07T16:00:00.000+00:00\",\"endDate\":\"2022-09-16T15:59:59.000+00:00\",\"duration\":9,\"principal\":\"2\",\"contactPhone\":\"1\",\"createDate\":\"2022-09-08T07:31:28.000+00:00\",\"updateDate\":\"2022-09-08T07:31:28.000+00:00\",\"processInstanceId\":\"\",\"status\":0,\"createDateStr\":\"2022-09-08 15:31:28\",\"leaveTypeStr\":\"事假\",\"startDateStr\":\"2022-09-08 00:00:00\",\"statusStr\":\"已撤回\",\"endDateStr\":\"2022-09-16 23:59:59\",\"updateDateStr\":\"2022-09-08 15:31:28\"}', 'java.util.LinkedHashMap');
INSERT INTO `act_hi_detail` VALUES ('b98c3a6b-34a0-11ed-a5e5-283a4d3b4979', 'VariableUpdate', 'b98a3e96-34a0-11ed-a5e5-283a4d3b4979', 'b98a3e96-34a0-11ed-a5e5-283a4d3b4979', NULL, NULL, 'formName', 'string', 0, '2022-09-15 10:47:23.074', NULL, NULL, NULL, 'LeaveForm', NULL);
INSERT INTO `act_hi_detail` VALUES ('b9916a91-34a0-11ed-a5e5-283a4d3b4979', 'VariableUpdate', 'b98a3e96-34a0-11ed-a5e5-283a4d3b4979', 'b98c3a6c-34a0-11ed-a5e5-283a4d3b4979', 'b990a73f-34a0-11ed-a5e5-283a4d3b4979', NULL, 'formName', 'string', 0, '2022-09-15 10:47:23.108', NULL, NULL, NULL, 'LeaveForm', NULL);
INSERT INTO `act_hi_detail` VALUES ('b99191a3-34a0-11ed-a5e5-283a4d3b4979', 'VariableUpdate', 'b98a3e96-34a0-11ed-a5e5-283a4d3b4979', 'b98c3a6c-34a0-11ed-a5e5-283a4d3b4979', 'b990a73f-34a0-11ed-a5e5-283a4d3b4979', NULL, 'entity', 'json', 0, '2022-09-15 10:47:23.109', NULL, NULL, NULL, '{\"id\":\"1567777623949111297\",\"username\":\"admin\",\"leaveType\":2,\"title\":\"12345\",\"leaveReason\":\"4567\",\"startDate\":\"2022-09-07T16:00:00.000+00:00\",\"endDate\":\"2022-09-16T15:59:59.000+00:00\",\"duration\":9,\"principal\":\"2\",\"contactPhone\":\"1\",\"createDate\":\"2022-09-08T07:31:28.000+00:00\",\"updateDate\":\"2022-09-08T07:31:28.000+00:00\",\"processInstanceId\":\"\",\"status\":0,\"createDateStr\":\"2022-09-08 15:31:28\",\"leaveTypeStr\":\"事假\",\"startDateStr\":\"2022-09-08 00:00:00\",\"statusStr\":\"已撤回\",\"endDateStr\":\"2022-09-16 23:59:59\",\"updateDateStr\":\"2022-09-08 15:31:28\"}', 'java.util.LinkedHashMap');
INSERT INTO `act_hi_detail` VALUES ('c744b31b-33c7-11ed-86cc-283a4d3b4979', 'VariableUpdate', 'c7443de8-33c7-11ed-86cc-283a4d3b4979', 'c7443de8-33c7-11ed-86cc-283a4d3b4979', NULL, NULL, 'entity', 'json', 0, '2022-09-14 08:54:25.303', NULL, NULL, NULL, '{\"id\":\"1568112800827052034\",\"username\":\"admin\",\"leaveType\":2,\"title\":\"事假23\",\"leaveReason\":\"43254\",\"startDate\":\"2022-09-08T16:00:00.000+00:00\",\"endDate\":\"2022-09-16T15:59:59.000+00:00\",\"duration\":8,\"principal\":\"34\",\"contactPhone\":\"12\",\"createDate\":\"2022-09-09T05:43:20.000+00:00\",\"updateDate\":\"2022-09-09T05:43:20.000+00:00\",\"processInstanceId\":\"\",\"status\":0,\"endDateStr\":\"2022-09-16 23:59:59\",\"statusStr\":\"已撤回\",\"startDateStr\":\"2022-09-09 00:00:00\",\"createDateStr\":\"2022-09-09 13:43:20\",\"updateDateStr\":\"2022-09-09 13:43:20\",\"leaveTypeStr\":\"事假\"}', 'java.util.LinkedHashMap');
INSERT INTO `act_hi_detail` VALUES ('c745013d-33c7-11ed-86cc-283a4d3b4979', 'VariableUpdate', 'c7443de8-33c7-11ed-86cc-283a4d3b4979', 'c7443de8-33c7-11ed-86cc-283a4d3b4979', NULL, NULL, 'formName', 'string', 0, '2022-09-14 08:54:25.305', NULL, NULL, NULL, 'LeaveForm', NULL);
INSERT INTO `act_hi_detail` VALUES ('c749bc33-33c7-11ed-86cc-283a4d3b4979', 'VariableUpdate', 'c7443de8-33c7-11ed-86cc-283a4d3b4979', 'c745013e-33c7-11ed-86cc-283a4d3b4979', 'c7491ff1-33c7-11ed-86cc-283a4d3b4979', NULL, 'formName', 'string', 0, '2022-09-14 08:54:25.336', NULL, NULL, NULL, 'LeaveForm', NULL);
INSERT INTO `act_hi_detail` VALUES ('c749bc35-33c7-11ed-86cc-283a4d3b4979', 'VariableUpdate', 'c7443de8-33c7-11ed-86cc-283a4d3b4979', 'c745013e-33c7-11ed-86cc-283a4d3b4979', 'c7491ff1-33c7-11ed-86cc-283a4d3b4979', NULL, 'entity', 'json', 0, '2022-09-14 08:54:25.336', NULL, NULL, NULL, '{\"id\":\"1568112800827052034\",\"username\":\"admin\",\"leaveType\":2,\"title\":\"事假23\",\"leaveReason\":\"43254\",\"startDate\":\"2022-09-08T16:00:00.000+00:00\",\"endDate\":\"2022-09-16T15:59:59.000+00:00\",\"duration\":8,\"principal\":\"34\",\"contactPhone\":\"12\",\"createDate\":\"2022-09-09T05:43:20.000+00:00\",\"updateDate\":\"2022-09-09T05:43:20.000+00:00\",\"processInstanceId\":\"\",\"status\":0,\"endDateStr\":\"2022-09-16 23:59:59\",\"statusStr\":\"已撤回\",\"startDateStr\":\"2022-09-09 00:00:00\",\"createDateStr\":\"2022-09-09 13:43:20\",\"updateDateStr\":\"2022-09-09 13:43:20\",\"leaveTypeStr\":\"事假\"}', 'java.util.LinkedHashMap');
INSERT INTO `act_hi_detail` VALUES ('c7d10e81-34a8-11ed-a5e5-283a4d3b4979', 'VariableUpdate', '924a5bd1-34a8-11ed-a5e5-283a4d3b4979', '924a5bd1-34a8-11ed-a5e5-283a4d3b4979', NULL, NULL, 'entity', 'json', 1, '2022-09-15 11:45:02.987', NULL, NULL, NULL, '{\"id\":\"1570250806270881793\",\"username\":\"admin\",\"leaveType\":1,\"title\":\"0915\",\"leaveReason\":\"请假病假\",\"startDate\":\"2022-09-14T16:00:00.000+00:00\",\"endDate\":\"2022-09-23T15:59:59.000+00:00\",\"duration\":8.9,\"createDate\":\"2022-09-15T03:19:00.000+00:00\",\"updateDate\":\"2022-09-15T03:19:00.000+00:00\",\"processInstanceId\":\"\",\"status\":0,\"createDateStr\":\"2022-09-15 11:19:00\",\"leaveTypeStr\":\"病假\",\"startDateStr\":\"2022-09-15 00:00:00\",\"statusStr\":\"已撤回\",\"endDateStr\":\"2022-09-23 23:59:59\",\"updateDateStr\":\"2022-09-15 11:19:00\"}', 'java.util.LinkedHashMap');
INSERT INTO `act_hi_detail` VALUES ('c7d10e82-34a8-11ed-a5e5-283a4d3b4979', 'VariableUpdate', '924a5bd1-34a8-11ed-a5e5-283a4d3b4979', '924a5bd1-34a8-11ed-a5e5-283a4d3b4979', NULL, NULL, 'formName', 'string', 1, '2022-09-15 11:45:02.987', NULL, NULL, NULL, 'LeaveForm', NULL);
INSERT INTO `act_hi_detail` VALUES ('c7d15ca6-34a8-11ed-a5e5-283a4d3b4979', 'VariableUpdate', '924a5bd1-34a8-11ed-a5e5-283a4d3b4979', '924a5bd7-34a8-11ed-a5e5-283a4d3b4979', 'c7d13594-34a8-11ed-a5e5-283a4d3b4979', NULL, 'formName', 'string', 0, '2022-09-15 11:45:02.989', NULL, NULL, NULL, 'LeaveForm', NULL);
INSERT INTO `act_hi_detail` VALUES ('c7d15ca8-34a8-11ed-a5e5-283a4d3b4979', 'VariableUpdate', '924a5bd1-34a8-11ed-a5e5-283a4d3b4979', '924a5bd7-34a8-11ed-a5e5-283a4d3b4979', 'c7d13594-34a8-11ed-a5e5-283a4d3b4979', NULL, 'entity', 'json', 0, '2022-09-15 11:45:02.989', NULL, NULL, NULL, '{\"id\":\"1570250806270881793\",\"username\":\"admin\",\"leaveType\":1,\"title\":\"0915\",\"leaveReason\":\"请假病假\",\"startDate\":\"2022-09-14T16:00:00.000+00:00\",\"endDate\":\"2022-09-23T15:59:59.000+00:00\",\"duration\":8.9,\"createDate\":\"2022-09-15T03:19:00.000+00:00\",\"updateDate\":\"2022-09-15T03:19:00.000+00:00\",\"processInstanceId\":\"\",\"status\":0,\"createDateStr\":\"2022-09-15 11:19:00\",\"leaveTypeStr\":\"病假\",\"startDateStr\":\"2022-09-15 00:00:00\",\"statusStr\":\"已撤回\",\"endDateStr\":\"2022-09-23 23:59:59\",\"updateDateStr\":\"2022-09-15 11:19:00\"}', 'java.util.LinkedHashMap');
INSERT INTO `act_hi_detail` VALUES ('d7e6bfbb-332a-11ed-be56-283a4d3b4979', 'VariableUpdate', '029458f3-32fb-11ed-9c60-283a4d3b4979', '029458f3-32fb-11ed-9c60-283a4d3b4979', NULL, NULL, 'entity', 'json', 1, '2022-09-13 14:11:02.222', NULL, NULL, NULL, '{\"id\":\"1569483068132782082\",\"username\":\"admin\",\"leaveType\":2,\"title\":\"事假123\",\"leaveReason\":\"事假123\",\"startDate\":\"2022-09-12T16:00:00.000+00:00\",\"endDate\":\"2022-09-23T15:59:59.000+00:00\",\"duration\":11,\"principal\":\"2\",\"contactPhone\":\"1\",\"createDate\":\"2022-09-13T00:28:17.000+00:00\",\"updateDate\":\"2022-09-13T00:28:17.000+00:00\",\"status\":1,\"statusStr\":\"待提交\",\"startDateStr\":\"2022-09-13 00:00:00\",\"endDateStr\":\"2022-09-23 23:59:59\",\"createDateStr\":\"2022-09-13 08:28:17\",\"leaveTypeStr\":\"事假\",\"updateDateStr\":\"2022-09-13 08:28:17\"}', 'java.util.LinkedHashMap');
INSERT INTO `act_hi_detail` VALUES ('d7e734ec-332a-11ed-be56-283a4d3b4979', 'VariableUpdate', '029458f3-32fb-11ed-9c60-283a4d3b4979', '029458f3-32fb-11ed-9c60-283a4d3b4979', NULL, NULL, 'formName', 'string', 1, '2022-09-13 14:11:02.225', NULL, NULL, NULL, 'LeaveForm', NULL);
INSERT INTO `act_hi_detail` VALUES ('d7ebefe0-332a-11ed-be56-283a4d3b4979', 'VariableUpdate', '029458f3-32fb-11ed-9c60-283a4d3b4979', '02951c49-32fb-11ed-9c60-283a4d3b4979', 'd7eb539e-332a-11ed-be56-283a4d3b4979', NULL, 'formName', 'string', 0, '2022-09-13 14:11:02.256', NULL, NULL, NULL, 'LeaveForm', NULL);
INSERT INTO `act_hi_detail` VALUES ('d7ec3e02-332a-11ed-be56-283a4d3b4979', 'VariableUpdate', '029458f3-32fb-11ed-9c60-283a4d3b4979', '02951c49-32fb-11ed-9c60-283a4d3b4979', 'd7eb539e-332a-11ed-be56-283a4d3b4979', NULL, 'entity', 'json', 0, '2022-09-13 14:11:02.258', NULL, NULL, NULL, '{\"id\":\"1569483068132782082\",\"username\":\"admin\",\"leaveType\":2,\"title\":\"事假123\",\"leaveReason\":\"事假123\",\"startDate\":\"2022-09-12T16:00:00.000+00:00\",\"endDate\":\"2022-09-23T15:59:59.000+00:00\",\"duration\":11,\"principal\":\"2\",\"contactPhone\":\"1\",\"createDate\":\"2022-09-13T00:28:17.000+00:00\",\"updateDate\":\"2022-09-13T00:28:17.000+00:00\",\"status\":1,\"statusStr\":\"待提交\",\"startDateStr\":\"2022-09-13 00:00:00\",\"endDateStr\":\"2022-09-23 23:59:59\",\"createDateStr\":\"2022-09-13 08:28:17\",\"leaveTypeStr\":\"事假\",\"updateDateStr\":\"2022-09-13 08:28:17\"}', 'java.util.LinkedHashMap');
INSERT INTO `act_hi_detail` VALUES ('dd2c20db-34a8-11ed-a5e5-283a4d3b4979', 'VariableUpdate', '924a5bd1-34a8-11ed-a5e5-283a4d3b4979', '924a5bd1-34a8-11ed-a5e5-283a4d3b4979', NULL, NULL, 'entity', 'json', 1, '2022-09-15 11:45:38.816', NULL, NULL, NULL, '{\"id\":\"1570250806270881793\",\"username\":\"admin\",\"leaveType\":1,\"title\":\"0915\",\"leaveReason\":\"请假病假\",\"startDate\":\"2022-09-14T16:00:00.000+00:00\",\"endDate\":\"2022-09-23T15:59:59.000+00:00\",\"duration\":8.9,\"createDate\":\"2022-09-15T03:19:00.000+00:00\",\"updateDate\":\"2022-09-15T03:19:00.000+00:00\",\"processInstanceId\":\"\",\"status\":0,\"createDateStr\":\"2022-09-15 11:19:00\",\"leaveTypeStr\":\"病假\",\"startDateStr\":\"2022-09-15 00:00:00\",\"statusStr\":\"已撤回\",\"endDateStr\":\"2022-09-23 23:59:59\",\"updateDateStr\":\"2022-09-15 11:19:00\"}', 'java.util.LinkedHashMap');
INSERT INTO `act_hi_detail` VALUES ('dd2c47ec-34a8-11ed-a5e5-283a4d3b4979', 'VariableUpdate', '924a5bd1-34a8-11ed-a5e5-283a4d3b4979', '924a5bd1-34a8-11ed-a5e5-283a4d3b4979', NULL, NULL, 'formName', 'string', 1, '2022-09-15 11:45:38.816', NULL, NULL, NULL, 'LeaveForm', NULL);
INSERT INTO `act_hi_detail` VALUES ('dd2c9610-34a8-11ed-a5e5-283a4d3b4979', 'VariableUpdate', '924a5bd1-34a8-11ed-a5e5-283a4d3b4979', '924a5bd7-34a8-11ed-a5e5-283a4d3b4979', 'dd2c6efe-34a8-11ed-a5e5-283a4d3b4979', NULL, 'formName', 'string', 0, '2022-09-15 11:45:38.819', NULL, NULL, NULL, 'LeaveForm', NULL);
INSERT INTO `act_hi_detail` VALUES ('dd2c9612-34a8-11ed-a5e5-283a4d3b4979', 'VariableUpdate', '924a5bd1-34a8-11ed-a5e5-283a4d3b4979', '924a5bd7-34a8-11ed-a5e5-283a4d3b4979', 'dd2c6efe-34a8-11ed-a5e5-283a4d3b4979', NULL, 'entity', 'json', 0, '2022-09-15 11:45:38.819', NULL, NULL, NULL, '{\"id\":\"1570250806270881793\",\"username\":\"admin\",\"leaveType\":1,\"title\":\"0915\",\"leaveReason\":\"请假病假\",\"startDate\":\"2022-09-14T16:00:00.000+00:00\",\"endDate\":\"2022-09-23T15:59:59.000+00:00\",\"duration\":8.9,\"createDate\":\"2022-09-15T03:19:00.000+00:00\",\"updateDate\":\"2022-09-15T03:19:00.000+00:00\",\"processInstanceId\":\"\",\"status\":0,\"createDateStr\":\"2022-09-15 11:19:00\",\"leaveTypeStr\":\"病假\",\"startDateStr\":\"2022-09-15 00:00:00\",\"statusStr\":\"已撤回\",\"endDateStr\":\"2022-09-23 23:59:59\",\"updateDateStr\":\"2022-09-15 11:19:00\"}', 'java.util.LinkedHashMap');
INSERT INTO `act_hi_detail` VALUES ('f4045920-3327-11ed-8143-283a4d3b4979', 'VariableUpdate', '029458f3-32fb-11ed-9c60-283a4d3b4979', '029458f3-32fb-11ed-9c60-283a4d3b4979', NULL, NULL, 'entity', 'json', 1, '2022-09-13 13:50:20.902', NULL, NULL, NULL, '{\"id\":\"1569483068132782082\",\"username\":\"admin\",\"leaveType\":2,\"title\":\"事假123\",\"leaveReason\":\"事假123\",\"startDate\":\"2022-09-12T16:00:00.000+00:00\",\"endDate\":\"2022-09-23T15:59:59.000+00:00\",\"duration\":11,\"principal\":\"2\",\"contactPhone\":\"1\",\"createDate\":\"2022-09-13T00:28:17.000+00:00\",\"updateDate\":\"2022-09-13T00:28:17.000+00:00\",\"status\":1,\"statusStr\":\"待提交\",\"startDateStr\":\"2022-09-13 00:00:00\",\"endDateStr\":\"2022-09-23 23:59:59\",\"createDateStr\":\"2022-09-13 08:28:17\",\"leaveTypeStr\":\"事假\",\"updateDateStr\":\"2022-09-13 08:28:17\"}', 'java.util.LinkedHashMap');
INSERT INTO `act_hi_detail` VALUES ('f404f561-3327-11ed-8143-283a4d3b4979', 'VariableUpdate', '029458f3-32fb-11ed-9c60-283a4d3b4979', '029458f3-32fb-11ed-9c60-283a4d3b4979', NULL, NULL, 'formName', 'string', 1, '2022-09-13 13:50:20.906', NULL, NULL, NULL, 'LeaveForm', NULL);
INSERT INTO `act_hi_detail` VALUES ('f4096235-3327-11ed-8143-283a4d3b4979', 'VariableUpdate', '029458f3-32fb-11ed-9c60-283a4d3b4979', '02951c49-32fb-11ed-9c60-283a4d3b4979', 'f408c5f3-3327-11ed-8143-283a4d3b4979', NULL, 'formName', 'string', 0, '2022-09-13 13:50:20.935', NULL, NULL, NULL, 'LeaveForm', NULL);
INSERT INTO `act_hi_detail` VALUES ('f4098947-3327-11ed-8143-283a4d3b4979', 'VariableUpdate', '029458f3-32fb-11ed-9c60-283a4d3b4979', '02951c49-32fb-11ed-9c60-283a4d3b4979', 'f408c5f3-3327-11ed-8143-283a4d3b4979', NULL, 'entity', 'json', 0, '2022-09-13 13:50:20.936', NULL, NULL, NULL, '{\"id\":\"1569483068132782082\",\"username\":\"admin\",\"leaveType\":2,\"title\":\"事假123\",\"leaveReason\":\"事假123\",\"startDate\":\"2022-09-12T16:00:00.000+00:00\",\"endDate\":\"2022-09-23T15:59:59.000+00:00\",\"duration\":11,\"principal\":\"2\",\"contactPhone\":\"1\",\"createDate\":\"2022-09-13T00:28:17.000+00:00\",\"updateDate\":\"2022-09-13T00:28:17.000+00:00\",\"status\":1,\"statusStr\":\"待提交\",\"startDateStr\":\"2022-09-13 00:00:00\",\"endDateStr\":\"2022-09-23 23:59:59\",\"createDateStr\":\"2022-09-13 08:28:17\",\"leaveTypeStr\":\"事假\",\"updateDateStr\":\"2022-09-13 08:28:17\"}', 'java.util.LinkedHashMap');
INSERT INTO `act_hi_detail` VALUES ('f5a2bfa5-332a-11ed-be56-283a4d3b4979', 'VariableUpdate', '029458f3-32fb-11ed-9c60-283a4d3b4979', '029458f3-32fb-11ed-9c60-283a4d3b4979', NULL, NULL, 'entity', 'json', 1, '2022-09-13 14:11:52.108', NULL, NULL, NULL, '{\"id\":\"1569483068132782082\",\"username\":\"admin\",\"leaveType\":2,\"title\":\"事假123\",\"leaveReason\":\"事假123\",\"startDate\":\"2022-09-12T16:00:00.000+00:00\",\"endDate\":\"2022-09-23T15:59:59.000+00:00\",\"duration\":11,\"principal\":\"2\",\"contactPhone\":\"1\",\"createDate\":\"2022-09-13T00:28:17.000+00:00\",\"updateDate\":\"2022-09-13T00:28:17.000+00:00\",\"status\":1,\"statusStr\":\"待提交\",\"startDateStr\":\"2022-09-13 00:00:00\",\"endDateStr\":\"2022-09-23 23:59:59\",\"createDateStr\":\"2022-09-13 08:28:17\",\"leaveTypeStr\":\"事假\",\"updateDateStr\":\"2022-09-13 08:28:17\"}', 'java.util.LinkedHashMap');
INSERT INTO `act_hi_detail` VALUES ('f5a2e6b6-332a-11ed-be56-283a4d3b4979', 'VariableUpdate', '029458f3-32fb-11ed-9c60-283a4d3b4979', '029458f3-32fb-11ed-9c60-283a4d3b4979', NULL, NULL, 'formName', 'string', 1, '2022-09-13 14:11:52.109', NULL, NULL, NULL, 'LeaveForm', NULL);
INSERT INTO `act_hi_detail` VALUES ('f5a3d11a-332a-11ed-be56-283a4d3b4979', 'VariableUpdate', '029458f3-32fb-11ed-9c60-283a4d3b4979', '02951c49-32fb-11ed-9c60-283a4d3b4979', 'f5a35be8-332a-11ed-be56-283a4d3b4979', NULL, 'formName', 'string', 0, '2022-09-13 14:11:52.115', NULL, NULL, NULL, 'LeaveForm', NULL);
INSERT INTO `act_hi_detail` VALUES ('f5a3d11c-332a-11ed-be56-283a4d3b4979', 'VariableUpdate', '029458f3-32fb-11ed-9c60-283a4d3b4979', '02951c49-32fb-11ed-9c60-283a4d3b4979', 'f5a35be8-332a-11ed-be56-283a4d3b4979', NULL, 'entity', 'json', 0, '2022-09-13 14:11:52.115', NULL, NULL, NULL, '{\"id\":\"1569483068132782082\",\"username\":\"admin\",\"leaveType\":2,\"title\":\"事假123\",\"leaveReason\":\"事假123\",\"startDate\":\"2022-09-12T16:00:00.000+00:00\",\"endDate\":\"2022-09-23T15:59:59.000+00:00\",\"duration\":11,\"principal\":\"2\",\"contactPhone\":\"1\",\"createDate\":\"2022-09-13T00:28:17.000+00:00\",\"updateDate\":\"2022-09-13T00:28:17.000+00:00\",\"status\":1,\"statusStr\":\"待提交\",\"startDateStr\":\"2022-09-13 00:00:00\",\"endDateStr\":\"2022-09-23 23:59:59\",\"createDateStr\":\"2022-09-13 08:28:17\",\"leaveTypeStr\":\"事假\",\"updateDateStr\":\"2022-09-13 08:28:17\"}', 'java.util.LinkedHashMap');

-- ----------------------------
-- Table structure for act_hi_identitylink
-- ----------------------------
DROP TABLE IF EXISTS `act_hi_identitylink`;
CREATE TABLE `act_hi_identitylink`  (
  `ID_` varchar(64) CHARACTER SET utf8mb3 COLLATE utf8mb3_bin NOT NULL,
  `GROUP_ID_` varchar(255) CHARACTER SET utf8mb3 COLLATE utf8mb3_bin NULL DEFAULT NULL,
  `TYPE_` varchar(255) CHARACTER SET utf8mb3 COLLATE utf8mb3_bin NULL DEFAULT NULL,
  `USER_ID_` varchar(255) CHARACTER SET utf8mb3 COLLATE utf8mb3_bin NULL DEFAULT NULL,
  `TASK_ID_` varchar(64) CHARACTER SET utf8mb3 COLLATE utf8mb3_bin NULL DEFAULT NULL,
  `PROC_INST_ID_` varchar(64) CHARACTER SET utf8mb3 COLLATE utf8mb3_bin NULL DEFAULT NULL,
  PRIMARY KEY (`ID_`) USING BTREE,
  INDEX `ACT_IDX_HI_IDENT_LNK_USER`(`USER_ID_` ASC) USING BTREE,
  INDEX `ACT_IDX_HI_IDENT_LNK_TASK`(`TASK_ID_` ASC) USING BTREE,
  INDEX `ACT_IDX_HI_IDENT_LNK_PROCINST`(`PROC_INST_ID_` ASC) USING BTREE
) ENGINE = InnoDB CHARACTER SET = utf8mb3 COLLATE = utf8mb3_bin ROW_FORMAT = DYNAMIC;

-- ----------------------------
-- Records of act_hi_identitylink
-- ----------------------------
INSERT INTO `act_hi_identitylink` VALUES ('029458f4-32fb-11ed-9c60-283a4d3b4979', NULL, 'starter', 'admin', NULL, '029458f3-32fb-11ed-9c60-283a4d3b4979');
INSERT INTO `act_hi_identitylink` VALUES ('30042277-32ff-11ed-87bc-283a4d3b4979', NULL, 'participant', 'zhangsan', NULL, '029458f3-32fb-11ed-9c60-283a4d3b4979');
INSERT INTO `act_hi_identitylink` VALUES ('924a5bd2-34a8-11ed-a5e5-283a4d3b4979', NULL, 'starter', 'admin', NULL, '924a5bd1-34a8-11ed-a5e5-283a4d3b4979');
INSERT INTO `act_hi_identitylink` VALUES ('b98a3e97-34a0-11ed-a5e5-283a4d3b4979', NULL, 'starter', 'admin', NULL, 'b98a3e96-34a0-11ed-a5e5-283a4d3b4979');
INSERT INTO `act_hi_identitylink` VALUES ('c7443de9-33c7-11ed-86cc-283a4d3b4979', NULL, 'starter', 'admin', NULL, 'c7443de8-33c7-11ed-86cc-283a4d3b4979');

-- ----------------------------
-- Table structure for act_hi_procinst
-- ----------------------------
DROP TABLE IF EXISTS `act_hi_procinst`;
CREATE TABLE `act_hi_procinst`  (
  `ID_` varchar(64) CHARACTER SET utf8mb3 COLLATE utf8mb3_bin NOT NULL,
  `PROC_INST_ID_` varchar(64) CHARACTER SET utf8mb3 COLLATE utf8mb3_bin NOT NULL,
  `BUSINESS_KEY_` varchar(255) CHARACTER SET utf8mb3 COLLATE utf8mb3_bin NULL DEFAULT NULL,
  `PROC_DEF_ID_` varchar(64) CHARACTER SET utf8mb3 COLLATE utf8mb3_bin NOT NULL,
  `START_TIME_` datetime(3) NOT NULL,
  `END_TIME_` datetime(3) NULL DEFAULT NULL,
  `DURATION_` bigint NULL DEFAULT NULL,
  `START_USER_ID_` varchar(255) CHARACTER SET utf8mb3 COLLATE utf8mb3_bin NULL DEFAULT NULL,
  `START_ACT_ID_` varchar(255) CHARACTER SET utf8mb3 COLLATE utf8mb3_bin NULL DEFAULT NULL,
  `END_ACT_ID_` varchar(255) CHARACTER SET utf8mb3 COLLATE utf8mb3_bin NULL DEFAULT NULL,
  `SUPER_PROCESS_INSTANCE_ID_` varchar(64) CHARACTER SET utf8mb3 COLLATE utf8mb3_bin NULL DEFAULT NULL,
  `DELETE_REASON_` varchar(4000) CHARACTER SET utf8mb3 COLLATE utf8mb3_bin NULL DEFAULT NULL,
  `TENANT_ID_` varchar(255) CHARACTER SET utf8mb3 COLLATE utf8mb3_bin NULL DEFAULT '',
  `NAME_` varchar(255) CHARACTER SET utf8mb3 COLLATE utf8mb3_bin NULL DEFAULT NULL,
  PRIMARY KEY (`ID_`) USING BTREE,
  UNIQUE INDEX `PROC_INST_ID_`(`PROC_INST_ID_` ASC) USING BTREE,
  INDEX `ACT_IDX_HI_PRO_INST_END`(`END_TIME_` ASC) USING BTREE,
  INDEX `ACT_IDX_HI_PRO_I_BUSKEY`(`BUSINESS_KEY_` ASC) USING BTREE
) ENGINE = InnoDB CHARACTER SET = utf8mb3 COLLATE = utf8mb3_bin ROW_FORMAT = DYNAMIC;

-- ----------------------------
-- Records of act_hi_procinst
-- ----------------------------
INSERT INTO `act_hi_procinst` VALUES ('029458f3-32fb-11ed-9c60-283a4d3b4979', '029458f3-32fb-11ed-9c60-283a4d3b4979', '1569483068132782082', 'Leave:1:ecc98b0e-2fe9-11ed-aa68-283a4d3b4979', '2022-09-13 08:28:37.981', '2022-09-14 08:53:03.269', 87865288, 'admin', 'sid-3AAF069C-9D1F-4109-B5D0-F6F48FD36F44', NULL, NULL, 'admin 作废了当前流程申请', '', '请假申请流程');
INSERT INTO `act_hi_procinst` VALUES ('924a5bd1-34a8-11ed-a5e5-283a4d3b4979', '924a5bd1-34a8-11ed-a5e5-283a4d3b4979', '1570250806270881793', 'Leave:1:ecc98b0e-2fe9-11ed-aa68-283a4d3b4979', '2022-09-15 11:43:33.185', NULL, NULL, 'admin', 'sid-3AAF069C-9D1F-4109-B5D0-F6F48FD36F44', NULL, NULL, NULL, '', '请假申请流程');
INSERT INTO `act_hi_procinst` VALUES ('b98a3e96-34a0-11ed-a5e5-283a4d3b4979', 'b98a3e96-34a0-11ed-a5e5-283a4d3b4979', '1567777623949111297', 'Leave:1:ecc98b0e-2fe9-11ed-aa68-283a4d3b4979', '2022-09-15 10:47:23.061', NULL, NULL, 'admin', 'sid-3AAF069C-9D1F-4109-B5D0-F6F48FD36F44', NULL, NULL, NULL, '', '请假申请流程');
INSERT INTO `act_hi_procinst` VALUES ('c7443de8-33c7-11ed-86cc-283a4d3b4979', 'c7443de8-33c7-11ed-86cc-283a4d3b4979', '1568112800827052034', 'Leave:1:ecc98b0e-2fe9-11ed-aa68-283a4d3b4979', '2022-09-14 08:54:25.300', '2022-09-15 11:41:35.804', 96430504, 'admin', 'sid-3AAF069C-9D1F-4109-B5D0-F6F48FD36F44', 'sid-C9AF2295-51A5-44C8-AF20-AA44B6446843', NULL, NULL, '', '请假申请流程');

-- ----------------------------
-- Table structure for act_hi_taskinst
-- ----------------------------
DROP TABLE IF EXISTS `act_hi_taskinst`;
CREATE TABLE `act_hi_taskinst`  (
  `ID_` varchar(64) CHARACTER SET utf8mb3 COLLATE utf8mb3_bin NOT NULL,
  `PROC_DEF_ID_` varchar(64) CHARACTER SET utf8mb3 COLLATE utf8mb3_bin NULL DEFAULT NULL,
  `TASK_DEF_KEY_` varchar(255) CHARACTER SET utf8mb3 COLLATE utf8mb3_bin NULL DEFAULT NULL,
  `PROC_INST_ID_` varchar(64) CHARACTER SET utf8mb3 COLLATE utf8mb3_bin NULL DEFAULT NULL,
  `EXECUTION_ID_` varchar(64) CHARACTER SET utf8mb3 COLLATE utf8mb3_bin NULL DEFAULT NULL,
  `NAME_` varchar(255) CHARACTER SET utf8mb3 COLLATE utf8mb3_bin NULL DEFAULT NULL,
  `PARENT_TASK_ID_` varchar(64) CHARACTER SET utf8mb3 COLLATE utf8mb3_bin NULL DEFAULT NULL,
  `DESCRIPTION_` varchar(4000) CHARACTER SET utf8mb3 COLLATE utf8mb3_bin NULL DEFAULT NULL,
  `OWNER_` varchar(255) CHARACTER SET utf8mb3 COLLATE utf8mb3_bin NULL DEFAULT NULL,
  `ASSIGNEE_` varchar(255) CHARACTER SET utf8mb3 COLLATE utf8mb3_bin NULL DEFAULT NULL,
  `START_TIME_` datetime(3) NOT NULL,
  `CLAIM_TIME_` datetime(3) NULL DEFAULT NULL,
  `END_TIME_` datetime(3) NULL DEFAULT NULL,
  `DURATION_` bigint NULL DEFAULT NULL,
  `DELETE_REASON_` varchar(4000) CHARACTER SET utf8mb3 COLLATE utf8mb3_bin NULL DEFAULT NULL,
  `PRIORITY_` int NULL DEFAULT NULL,
  `DUE_DATE_` datetime(3) NULL DEFAULT NULL,
  `FORM_KEY_` varchar(255) CHARACTER SET utf8mb3 COLLATE utf8mb3_bin NULL DEFAULT NULL,
  `CATEGORY_` varchar(255) CHARACTER SET utf8mb3 COLLATE utf8mb3_bin NULL DEFAULT NULL,
  `TENANT_ID_` varchar(255) CHARACTER SET utf8mb3 COLLATE utf8mb3_bin NULL DEFAULT '',
  PRIMARY KEY (`ID_`) USING BTREE,
  INDEX `ACT_IDX_HI_TASK_INST_PROCINST`(`PROC_INST_ID_` ASC) USING BTREE
) ENGINE = InnoDB CHARACTER SET = utf8mb3 COLLATE = utf8mb3_bin ROW_FORMAT = DYNAMIC;

-- ----------------------------
-- Records of act_hi_taskinst
-- ----------------------------
INSERT INTO `act_hi_taskinst` VALUES ('02989ebc-32fb-11ed-9c60-283a4d3b4979', 'Leave:1:ecc98b0e-2fe9-11ed-aa68-283a4d3b4979', 'sid-B9B9B816-D9E3-4A0D-97A2-C504074C7DF7', '029458f3-32fb-11ed-9c60-283a4d3b4979', '02951c49-32fb-11ed-9c60-283a4d3b4979', '直属领导审批', NULL, NULL, NULL, 'admin', '2022-09-13 08:28:38.009', NULL, '2022-09-13 08:58:32.101', 1794092, NULL, 50, NULL, NULL, NULL, '');
INSERT INTO `act_hi_taskinst` VALUES ('0bb2a371-34a8-11ed-a5e5-283a4d3b4979', 'Leave:1:ecc98b0e-2fe9-11ed-aa68-283a4d3b4979', 'sid-2DCAD4A9-FAE9-4044-B7B5-BBADCA437929', 'b98a3e96-34a0-11ed-a5e5-283a4d3b4979', 'b98c3a6c-34a0-11ed-a5e5-283a4d3b4979', '部门经理审批', NULL, NULL, NULL, 'admin', '2022-09-15 11:39:47.377', NULL, '2022-09-15 11:40:31.144', 43767, NULL, 50, NULL, NULL, NULL, '');
INSERT INTO `act_hi_taskinst` VALUES ('25ca055b-34a8-11ed-a5e5-283a4d3b4979', 'Leave:1:ecc98b0e-2fe9-11ed-aa68-283a4d3b4979', 'sid-95041659-921C-4647-AA7E-007DD53297BA', 'b98a3e96-34a0-11ed-a5e5-283a4d3b4979', 'b98c3a6c-34a0-11ed-a5e5-283a4d3b4979', '人事专员审批', NULL, NULL, NULL, 'admin', '2022-09-15 11:40:31.150', NULL, '2022-09-15 11:40:43.183', 12033, NULL, 50, NULL, NULL, NULL, '');
INSERT INTO `act_hi_taskinst` VALUES ('2cf6dfc5-34a8-11ed-a5e5-283a4d3b4979', 'Leave:1:ecc98b0e-2fe9-11ed-aa68-283a4d3b4979', 'sid-E6384472-DFD1-4776-83CB-1F8733961BEE', 'b98a3e96-34a0-11ed-a5e5-283a4d3b4979', 'b98c3a6c-34a0-11ed-a5e5-283a4d3b4979', '人事经理审批', NULL, NULL, NULL, 'admin', '2022-09-15 11:40:43.188', NULL, '2022-09-15 11:41:58.945', 75757, NULL, 50, NULL, NULL, NULL, '');
INSERT INTO `act_hi_taskinst` VALUES ('2ffb21c2-32ff-11ed-87bc-283a4d3b4979', 'Leave:1:ecc98b0e-2fe9-11ed-aa68-283a4d3b4979', 'sid-2DCAD4A9-FAE9-4044-B7B5-BBADCA437929', '029458f3-32fb-11ed-9c60-283a4d3b4979', '02951c49-32fb-11ed-9c60-283a4d3b4979', '部门经理审批', NULL, NULL, NULL, 'zhangsan', '2022-09-13 08:58:32.139', NULL, '2022-09-13 09:01:07.100', 154961, NULL, 50, NULL, NULL, NULL, '');
INSERT INTO `act_hi_taskinst` VALUES ('3d31898f-34a8-11ed-a5e5-283a4d3b4979', 'Leave:1:ecc98b0e-2fe9-11ed-aa68-283a4d3b4979', 'sid-2DCAD4A9-FAE9-4044-B7B5-BBADCA437929', 'c7443de8-33c7-11ed-86cc-283a4d3b4979', 'c745013e-33c7-11ed-86cc-283a4d3b4979', '部门经理审批', NULL, NULL, NULL, 'admin', '2022-09-15 11:41:10.416', NULL, '2022-09-15 11:41:17.053', 6637, NULL, 50, NULL, NULL, NULL, '');
INSERT INTO `act_hi_taskinst` VALUES ('4126dfa9-34a8-11ed-a5e5-283a4d3b4979', 'Leave:1:ecc98b0e-2fe9-11ed-aa68-283a4d3b4979', 'sid-95041659-921C-4647-AA7E-007DD53297BA', 'c7443de8-33c7-11ed-86cc-283a4d3b4979', 'c745013e-33c7-11ed-86cc-283a4d3b4979', '人事专员审批', NULL, NULL, NULL, 'admin', '2022-09-15 11:41:17.057', NULL, '2022-09-15 11:41:22.696', 5639, NULL, 50, NULL, NULL, NULL, '');
INSERT INTO `act_hi_taskinst` VALUES ('4483ed63-34a8-11ed-a5e5-283a4d3b4979', 'Leave:1:ecc98b0e-2fe9-11ed-aa68-283a4d3b4979', 'sid-E6384472-DFD1-4776-83CB-1F8733961BEE', 'c7443de8-33c7-11ed-86cc-283a4d3b4979', 'c745013e-33c7-11ed-86cc-283a4d3b4979', '人事经理审批', NULL, NULL, NULL, 'admin', '2022-09-15 11:41:22.700', NULL, '2022-09-15 11:41:28.240', 5540, NULL, 50, NULL, NULL, NULL, '');
INSERT INTO `act_hi_taskinst` VALUES ('47d22e0d-34a8-11ed-a5e5-283a4d3b4979', 'Leave:1:ecc98b0e-2fe9-11ed-aa68-283a4d3b4979', 'sid-2B5363F4-D5A0-41C4-B626-E497657D21E4', 'c7443de8-33c7-11ed-86cc-283a4d3b4979', 'c745013e-33c7-11ed-86cc-283a4d3b4979', '总经理审批', NULL, NULL, NULL, 'admin', '2022-09-15 11:41:28.246', NULL, '2022-09-15 11:41:35.780', 7534, NULL, 50, NULL, NULL, NULL, '');
INSERT INTO `act_hi_taskinst` VALUES ('5a1f160b-34a8-11ed-a5e5-283a4d3b4979', 'Leave:1:ecc98b0e-2fe9-11ed-aa68-283a4d3b4979', 'sid-2B5363F4-D5A0-41C4-B626-E497657D21E4', 'b98a3e96-34a0-11ed-a5e5-283a4d3b4979', 'b98c3a6c-34a0-11ed-a5e5-283a4d3b4979', '总经理审批', NULL, NULL, NULL, 'admin', '2022-09-15 11:41:58.949', NULL, NULL, NULL, NULL, 50, NULL, NULL, NULL, '');
INSERT INTO `act_hi_taskinst` VALUES ('8c59ad6d-32ff-11ed-87bc-283a4d3b4979', 'Leave:1:ecc98b0e-2fe9-11ed-aa68-283a4d3b4979', 'sid-95041659-921C-4647-AA7E-007DD53297BA', '029458f3-32fb-11ed-9c60-283a4d3b4979', '02951c49-32fb-11ed-9c60-283a4d3b4979', '人事专员审批', NULL, NULL, NULL, 'zhangsan', '2022-09-13 09:01:07.109', NULL, '2022-09-13 13:50:20.894', 17353785, NULL, 50, NULL, NULL, NULL, '');
INSERT INTO `act_hi_taskinst` VALUES ('924a82ea-34a8-11ed-a5e5-283a4d3b4979', 'Leave:1:ecc98b0e-2fe9-11ed-aa68-283a4d3b4979', 'sid-B9B9B816-D9E3-4A0D-97A2-C504074C7DF7', '924a5bd1-34a8-11ed-a5e5-283a4d3b4979', '924a5bd7-34a8-11ed-a5e5-283a4d3b4979', '直属领导审批', NULL, NULL, NULL, 'admin', '2022-09-15 11:43:33.186', NULL, '2022-09-15 11:45:02.984', 89798, NULL, 50, NULL, NULL, NULL, '');
INSERT INTO `act_hi_taskinst` VALUES ('b990a73f-34a0-11ed-a5e5-283a4d3b4979', 'Leave:1:ecc98b0e-2fe9-11ed-aa68-283a4d3b4979', 'sid-B9B9B816-D9E3-4A0D-97A2-C504074C7DF7', 'b98a3e96-34a0-11ed-a5e5-283a4d3b4979', 'b98c3a6c-34a0-11ed-a5e5-283a4d3b4979', '直属领导审批', NULL, NULL, NULL, 'admin', '2022-09-15 10:47:23.103', NULL, '2022-09-15 11:39:47.370', 3144267, NULL, 50, NULL, NULL, NULL, '');
INSERT INTO `act_hi_taskinst` VALUES ('c7491ff1-33c7-11ed-86cc-283a4d3b4979', 'Leave:1:ecc98b0e-2fe9-11ed-aa68-283a4d3b4979', 'sid-B9B9B816-D9E3-4A0D-97A2-C504074C7DF7', 'c7443de8-33c7-11ed-86cc-283a4d3b4979', 'c745013e-33c7-11ed-86cc-283a4d3b4979', '直属领导审批', NULL, NULL, NULL, 'admin', '2022-09-14 08:54:25.332', NULL, '2022-09-15 11:41:10.411', 96405079, NULL, 50, NULL, NULL, NULL, '');
INSERT INTO `act_hi_taskinst` VALUES ('c7d13594-34a8-11ed-a5e5-283a4d3b4979', 'Leave:1:ecc98b0e-2fe9-11ed-aa68-283a4d3b4979', 'sid-2DCAD4A9-FAE9-4044-B7B5-BBADCA437929', '924a5bd1-34a8-11ed-a5e5-283a4d3b4979', '924a5bd7-34a8-11ed-a5e5-283a4d3b4979', '部门经理审批', NULL, NULL, NULL, 'admin', '2022-09-15 11:45:02.988', NULL, '2022-09-15 11:45:38.814', 35826, NULL, 50, NULL, NULL, NULL, '');
INSERT INTO `act_hi_taskinst` VALUES ('d7eb539e-332a-11ed-be56-283a4d3b4979', 'Leave:1:ecc98b0e-2fe9-11ed-aa68-283a4d3b4979', 'sid-B9B9B816-D9E3-4A0D-97A2-C504074C7DF7', '029458f3-32fb-11ed-9c60-283a4d3b4979', '02951c49-32fb-11ed-9c60-283a4d3b4979', '直属领导审批', NULL, NULL, NULL, 'admin', '2022-09-13 14:11:02.252', NULL, '2022-09-13 14:11:52.104', 49852, NULL, 50, NULL, NULL, NULL, '');
INSERT INTO `act_hi_taskinst` VALUES ('dd2c6efe-34a8-11ed-a5e5-283a4d3b4979', 'Leave:1:ecc98b0e-2fe9-11ed-aa68-283a4d3b4979', 'sid-95041659-921C-4647-AA7E-007DD53297BA', '924a5bd1-34a8-11ed-a5e5-283a4d3b4979', '924a5bd7-34a8-11ed-a5e5-283a4d3b4979', '人事专员审批', NULL, NULL, NULL, 'admin', '2022-09-15 11:45:38.818', NULL, NULL, NULL, NULL, 50, NULL, NULL, NULL, '');
INSERT INTO `act_hi_taskinst` VALUES ('f408c5f3-3327-11ed-8143-283a4d3b4979', 'Leave:1:ecc98b0e-2fe9-11ed-aa68-283a4d3b4979', 'sid-E6384472-DFD1-4776-83CB-1F8733961BEE', '029458f3-32fb-11ed-9c60-283a4d3b4979', '02951c49-32fb-11ed-9c60-283a4d3b4979', '人事经理审批', NULL, NULL, NULL, 'admin', '2022-09-13 13:50:20.931', NULL, '2022-09-13 14:11:02.210', 1241279, NULL, 50, NULL, NULL, NULL, '');
INSERT INTO `act_hi_taskinst` VALUES ('f5a35be8-332a-11ed-be56-283a4d3b4979', 'Leave:1:ecc98b0e-2fe9-11ed-aa68-283a4d3b4979', 'sid-2DCAD4A9-FAE9-4044-B7B5-BBADCA437929', '029458f3-32fb-11ed-9c60-283a4d3b4979', '02951c49-32fb-11ed-9c60-283a4d3b4979', '部门经理审批', NULL, NULL, NULL, 'admin', '2022-09-13 14:11:52.112', NULL, '2022-09-14 08:53:03.240', 67271128, 'admin 作废了当前流程申请', 50, NULL, NULL, NULL, '');

-- ----------------------------
-- Table structure for act_hi_varinst
-- ----------------------------
DROP TABLE IF EXISTS `act_hi_varinst`;
CREATE TABLE `act_hi_varinst`  (
  `ID_` varchar(64) CHARACTER SET utf8mb3 COLLATE utf8mb3_bin NOT NULL,
  `PROC_INST_ID_` varchar(64) CHARACTER SET utf8mb3 COLLATE utf8mb3_bin NULL DEFAULT NULL,
  `EXECUTION_ID_` varchar(64) CHARACTER SET utf8mb3 COLLATE utf8mb3_bin NULL DEFAULT NULL,
  `TASK_ID_` varchar(64) CHARACTER SET utf8mb3 COLLATE utf8mb3_bin NULL DEFAULT NULL,
  `NAME_` varchar(255) CHARACTER SET utf8mb3 COLLATE utf8mb3_bin NOT NULL,
  `VAR_TYPE_` varchar(100) CHARACTER SET utf8mb3 COLLATE utf8mb3_bin NULL DEFAULT NULL,
  `REV_` int NULL DEFAULT NULL,
  `BYTEARRAY_ID_` varchar(64) CHARACTER SET utf8mb3 COLLATE utf8mb3_bin NULL DEFAULT NULL,
  `DOUBLE_` double NULL DEFAULT NULL,
  `LONG_` bigint NULL DEFAULT NULL,
  `TEXT_` varchar(4000) CHARACTER SET utf8mb3 COLLATE utf8mb3_bin NULL DEFAULT NULL,
  `TEXT2_` varchar(4000) CHARACTER SET utf8mb3 COLLATE utf8mb3_bin NULL DEFAULT NULL,
  `CREATE_TIME_` datetime(3) NULL DEFAULT NULL,
  `LAST_UPDATED_TIME_` datetime(3) NULL DEFAULT NULL,
  PRIMARY KEY (`ID_`) USING BTREE,
  INDEX `ACT_IDX_HI_PROCVAR_PROC_INST`(`PROC_INST_ID_` ASC) USING BTREE,
  INDEX `ACT_IDX_HI_PROCVAR_NAME_TYPE`(`NAME_` ASC, `VAR_TYPE_` ASC) USING BTREE,
  INDEX `ACT_IDX_HI_PROCVAR_TASK_ID`(`TASK_ID_` ASC) USING BTREE
) ENGINE = InnoDB CHARACTER SET = utf8mb3 COLLATE = utf8mb3_bin ROW_FORMAT = DYNAMIC;

-- ----------------------------
-- Records of act_hi_varinst
-- ----------------------------
INSERT INTO `act_hi_varinst` VALUES ('0294ce25-32fb-11ed-9c60-283a4d3b4979', '029458f3-32fb-11ed-9c60-283a4d3b4979', '029458f3-32fb-11ed-9c60-283a4d3b4979', NULL, 'entity', 'json', 5, NULL, NULL, NULL, '{\"id\":\"1569483068132782082\",\"username\":\"admin\",\"leaveType\":2,\"title\":\"事假123\",\"leaveReason\":\"事假123\",\"startDate\":\"2022-09-12T16:00:00.000+00:00\",\"endDate\":\"2022-09-23T15:59:59.000+00:00\",\"duration\":11,\"principal\":\"2\",\"contactPhone\":\"1\",\"createDate\":\"2022-09-13T00:28:17.000+00:00\",\"updateDate\":\"2022-09-13T00:28:17.000+00:00\",\"status\":1,\"statusStr\":\"待提交\",\"startDateStr\":\"2022-09-13 00:00:00\",\"endDateStr\":\"2022-09-23 23:59:59\",\"createDateStr\":\"2022-09-13 08:28:17\",\"leaveTypeStr\":\"事假\",\"updateDateStr\":\"2022-09-13 08:28:17\"}', 'java.util.LinkedHashMap', '2022-09-13 08:28:37.984', '2022-09-13 14:11:52.109');
INSERT INTO `act_hi_varinst` VALUES ('02951c47-32fb-11ed-9c60-283a4d3b4979', '029458f3-32fb-11ed-9c60-283a4d3b4979', '029458f3-32fb-11ed-9c60-283a4d3b4979', NULL, 'formName', 'string', 5, NULL, NULL, NULL, 'LeaveForm', NULL, '2022-09-13 08:28:37.986', '2022-09-13 14:11:52.110');
INSERT INTO `act_hi_varinst` VALUES ('0299620d-32fb-11ed-9c60-283a4d3b4979', '029458f3-32fb-11ed-9c60-283a4d3b4979', '02951c49-32fb-11ed-9c60-283a4d3b4979', '02989ebc-32fb-11ed-9c60-283a4d3b4979', 'formName', 'string', 0, NULL, NULL, NULL, 'LeaveForm', NULL, '2022-09-13 08:28:38.015', '2022-09-13 08:28:38.015');
INSERT INTO `act_hi_varinst` VALUES ('0299891f-32fb-11ed-9c60-283a4d3b4979', '029458f3-32fb-11ed-9c60-283a4d3b4979', '02951c49-32fb-11ed-9c60-283a4d3b4979', '02989ebc-32fb-11ed-9c60-283a4d3b4979', 'entity', 'json', 0, NULL, NULL, NULL, '{\"id\":\"1569483068132782082\",\"username\":\"admin\",\"leaveType\":2,\"title\":\"事假123\",\"leaveReason\":\"事假123\",\"startDate\":\"2022-09-12T16:00:00.000+00:00\",\"endDate\":\"2022-09-23T15:59:59.000+00:00\",\"duration\":11,\"principal\":\"2\",\"contactPhone\":\"1\",\"createDate\":\"2022-09-13T00:28:17.000+00:00\",\"updateDate\":\"2022-09-13T00:28:17.000+00:00\",\"status\":1,\"statusStr\":\"待提交\",\"startDateStr\":\"2022-09-13 00:00:00\",\"endDateStr\":\"2022-09-23 23:59:59\",\"createDateStr\":\"2022-09-13 08:28:17\",\"leaveTypeStr\":\"事假\",\"updateDateStr\":\"2022-09-13 08:28:17\"}', 'java.util.LinkedHashMap', '2022-09-13 08:28:38.015', '2022-09-13 08:28:38.015');
INSERT INTO `act_hi_varinst` VALUES ('0bb2f192-34a8-11ed-a5e5-283a4d3b4979', 'b98a3e96-34a0-11ed-a5e5-283a4d3b4979', 'b98c3a6c-34a0-11ed-a5e5-283a4d3b4979', '0bb2a371-34a8-11ed-a5e5-283a4d3b4979', 'formName', 'string', 0, NULL, NULL, NULL, 'LeaveForm', NULL, '2022-09-15 11:39:47.378', '2022-09-15 11:39:47.378');
INSERT INTO `act_hi_varinst` VALUES ('0bb2f194-34a8-11ed-a5e5-283a4d3b4979', 'b98a3e96-34a0-11ed-a5e5-283a4d3b4979', 'b98c3a6c-34a0-11ed-a5e5-283a4d3b4979', '0bb2a371-34a8-11ed-a5e5-283a4d3b4979', 'entity', 'json', 0, NULL, NULL, NULL, '{\"id\":\"1567777623949111297\",\"username\":\"admin\",\"leaveType\":2,\"title\":\"12345\",\"leaveReason\":\"4567\",\"startDate\":\"2022-09-07T16:00:00.000+00:00\",\"endDate\":\"2022-09-16T15:59:59.000+00:00\",\"duration\":9,\"principal\":\"2\",\"contactPhone\":\"1\",\"createDate\":\"2022-09-08T07:31:28.000+00:00\",\"updateDate\":\"2022-09-08T07:31:28.000+00:00\",\"processInstanceId\":\"\",\"status\":0,\"createDateStr\":\"2022-09-08 15:31:28\",\"leaveTypeStr\":\"事假\",\"startDateStr\":\"2022-09-08 00:00:00\",\"statusStr\":\"已撤回\",\"endDateStr\":\"2022-09-16 23:59:59\",\"updateDateStr\":\"2022-09-08 15:31:28\"}', 'java.util.LinkedHashMap', '2022-09-15 11:39:47.378', '2022-09-15 11:39:47.378');
INSERT INTO `act_hi_varinst` VALUES ('25ca537c-34a8-11ed-a5e5-283a4d3b4979', 'b98a3e96-34a0-11ed-a5e5-283a4d3b4979', 'b98c3a6c-34a0-11ed-a5e5-283a4d3b4979', '25ca055b-34a8-11ed-a5e5-283a4d3b4979', 'formName', 'string', 0, NULL, NULL, NULL, 'LeaveForm', NULL, '2022-09-15 11:40:31.152', '2022-09-15 11:40:31.152');
INSERT INTO `act_hi_varinst` VALUES ('25ca537e-34a8-11ed-a5e5-283a4d3b4979', 'b98a3e96-34a0-11ed-a5e5-283a4d3b4979', 'b98c3a6c-34a0-11ed-a5e5-283a4d3b4979', '25ca055b-34a8-11ed-a5e5-283a4d3b4979', 'entity', 'json', 0, NULL, NULL, NULL, '{\"id\":\"1567777623949111297\",\"username\":\"admin\",\"leaveType\":2,\"title\":\"12345\",\"leaveReason\":\"4567\",\"startDate\":\"2022-09-07T16:00:00.000+00:00\",\"endDate\":\"2022-09-16T15:59:59.000+00:00\",\"duration\":9,\"principal\":\"2\",\"contactPhone\":\"1\",\"createDate\":\"2022-09-08T07:31:28.000+00:00\",\"updateDate\":\"2022-09-08T07:31:28.000+00:00\",\"processInstanceId\":\"\",\"status\":0,\"createDateStr\":\"2022-09-08 15:31:28\",\"leaveTypeStr\":\"事假\",\"startDateStr\":\"2022-09-08 00:00:00\",\"statusStr\":\"已撤回\",\"endDateStr\":\"2022-09-16 23:59:59\",\"updateDateStr\":\"2022-09-08 15:31:28\"}', 'java.util.LinkedHashMap', '2022-09-15 11:40:31.152', '2022-09-15 11:40:31.152');
INSERT INTO `act_hi_varinst` VALUES ('2cf706d6-34a8-11ed-a5e5-283a4d3b4979', 'b98a3e96-34a0-11ed-a5e5-283a4d3b4979', 'b98c3a6c-34a0-11ed-a5e5-283a4d3b4979', '2cf6dfc5-34a8-11ed-a5e5-283a4d3b4979', 'formName', 'string', 0, NULL, NULL, NULL, 'LeaveForm', NULL, '2022-09-15 11:40:43.189', '2022-09-15 11:40:43.189');
INSERT INTO `act_hi_varinst` VALUES ('2cf706d8-34a8-11ed-a5e5-283a4d3b4979', 'b98a3e96-34a0-11ed-a5e5-283a4d3b4979', 'b98c3a6c-34a0-11ed-a5e5-283a4d3b4979', '2cf6dfc5-34a8-11ed-a5e5-283a4d3b4979', 'entity', 'json', 0, NULL, NULL, NULL, '{\"id\":\"1567777623949111297\",\"username\":\"admin\",\"leaveType\":2,\"title\":\"12345\",\"leaveReason\":\"4567\",\"startDate\":\"2022-09-07T16:00:00.000+00:00\",\"endDate\":\"2022-09-16T15:59:59.000+00:00\",\"duration\":9,\"principal\":\"2\",\"contactPhone\":\"1\",\"createDate\":\"2022-09-08T07:31:28.000+00:00\",\"updateDate\":\"2022-09-08T07:31:28.000+00:00\",\"processInstanceId\":\"\",\"status\":0,\"createDateStr\":\"2022-09-08 15:31:28\",\"leaveTypeStr\":\"事假\",\"startDateStr\":\"2022-09-08 00:00:00\",\"statusStr\":\"已撤回\",\"endDateStr\":\"2022-09-16 23:59:59\",\"updateDateStr\":\"2022-09-08 15:31:28\"}', 'java.util.LinkedHashMap', '2022-09-15 11:40:43.190', '2022-09-15 11:40:43.190');
INSERT INTO `act_hi_varinst` VALUES ('2ffbbe03-32ff-11ed-87bc-283a4d3b4979', '029458f3-32fb-11ed-9c60-283a4d3b4979', '02951c49-32fb-11ed-9c60-283a4d3b4979', '2ffb21c2-32ff-11ed-87bc-283a4d3b4979', 'formName', 'string', 0, NULL, NULL, NULL, 'LeaveForm', NULL, '2022-09-13 08:58:32.143', '2022-09-13 08:58:32.143');
INSERT INTO `act_hi_varinst` VALUES ('2ffbe515-32ff-11ed-87bc-283a4d3b4979', '029458f3-32fb-11ed-9c60-283a4d3b4979', '02951c49-32fb-11ed-9c60-283a4d3b4979', '2ffb21c2-32ff-11ed-87bc-283a4d3b4979', 'entity', 'json', 0, NULL, NULL, NULL, '{\"id\":\"1569483068132782082\",\"username\":\"admin\",\"leaveType\":2,\"title\":\"事假123\",\"leaveReason\":\"事假123\",\"startDate\":\"2022-09-12T16:00:00.000+00:00\",\"endDate\":\"2022-09-23T15:59:59.000+00:00\",\"duration\":11,\"principal\":\"2\",\"contactPhone\":\"1\",\"createDate\":\"2022-09-13T00:28:17.000+00:00\",\"updateDate\":\"2022-09-13T00:28:17.000+00:00\",\"status\":1,\"statusStr\":\"待提交\",\"startDateStr\":\"2022-09-13 00:00:00\",\"endDateStr\":\"2022-09-23 23:59:59\",\"createDateStr\":\"2022-09-13 08:28:17\",\"leaveTypeStr\":\"事假\",\"updateDateStr\":\"2022-09-13 08:28:17\"}', 'java.util.LinkedHashMap', '2022-09-13 08:58:32.144', '2022-09-13 08:58:32.144');
INSERT INTO `act_hi_varinst` VALUES ('3d31b0a0-34a8-11ed-a5e5-283a4d3b4979', 'c7443de8-33c7-11ed-86cc-283a4d3b4979', 'c745013e-33c7-11ed-86cc-283a4d3b4979', '3d31898f-34a8-11ed-a5e5-283a4d3b4979', 'formName', 'string', 0, NULL, NULL, NULL, 'LeaveForm', NULL, '2022-09-15 11:41:10.417', '2022-09-15 11:41:10.417');
INSERT INTO `act_hi_varinst` VALUES ('3d31b0a2-34a8-11ed-a5e5-283a4d3b4979', 'c7443de8-33c7-11ed-86cc-283a4d3b4979', 'c745013e-33c7-11ed-86cc-283a4d3b4979', '3d31898f-34a8-11ed-a5e5-283a4d3b4979', 'entity', 'json', 0, NULL, NULL, NULL, '{\"id\":\"1568112800827052034\",\"username\":\"admin\",\"leaveType\":2,\"title\":\"事假23\",\"leaveReason\":\"43254\",\"startDate\":\"2022-09-08T16:00:00.000+00:00\",\"endDate\":\"2022-09-16T15:59:59.000+00:00\",\"duration\":8,\"principal\":\"34\",\"contactPhone\":\"12\",\"createDate\":\"2022-09-09T05:43:20.000+00:00\",\"updateDate\":\"2022-09-09T05:43:20.000+00:00\",\"processInstanceId\":\"\",\"status\":0,\"endDateStr\":\"2022-09-16 23:59:59\",\"statusStr\":\"已撤回\",\"startDateStr\":\"2022-09-09 00:00:00\",\"createDateStr\":\"2022-09-09 13:43:20\",\"updateDateStr\":\"2022-09-09 13:43:20\",\"leaveTypeStr\":\"事假\"}', 'java.util.LinkedHashMap', '2022-09-15 11:41:10.417', '2022-09-15 11:41:10.417');
INSERT INTO `act_hi_varinst` VALUES ('412706ba-34a8-11ed-a5e5-283a4d3b4979', 'c7443de8-33c7-11ed-86cc-283a4d3b4979', 'c745013e-33c7-11ed-86cc-283a4d3b4979', '4126dfa9-34a8-11ed-a5e5-283a4d3b4979', 'formName', 'string', 0, NULL, NULL, NULL, 'LeaveForm', NULL, '2022-09-15 11:41:17.058', '2022-09-15 11:41:17.058');
INSERT INTO `act_hi_varinst` VALUES ('412706bc-34a8-11ed-a5e5-283a4d3b4979', 'c7443de8-33c7-11ed-86cc-283a4d3b4979', 'c745013e-33c7-11ed-86cc-283a4d3b4979', '4126dfa9-34a8-11ed-a5e5-283a4d3b4979', 'entity', 'json', 0, NULL, NULL, NULL, '{\"id\":\"1568112800827052034\",\"username\":\"admin\",\"leaveType\":2,\"title\":\"事假23\",\"leaveReason\":\"43254\",\"startDate\":\"2022-09-08T16:00:00.000+00:00\",\"endDate\":\"2022-09-16T15:59:59.000+00:00\",\"duration\":8,\"principal\":\"34\",\"contactPhone\":\"12\",\"createDate\":\"2022-09-09T05:43:20.000+00:00\",\"updateDate\":\"2022-09-09T05:43:20.000+00:00\",\"processInstanceId\":\"\",\"status\":0,\"endDateStr\":\"2022-09-16 23:59:59\",\"statusStr\":\"已撤回\",\"startDateStr\":\"2022-09-09 00:00:00\",\"createDateStr\":\"2022-09-09 13:43:20\",\"updateDateStr\":\"2022-09-09 13:43:20\",\"leaveTypeStr\":\"事假\"}', 'java.util.LinkedHashMap', '2022-09-15 11:41:17.058', '2022-09-15 11:41:17.058');
INSERT INTO `act_hi_varinst` VALUES ('44841474-34a8-11ed-a5e5-283a4d3b4979', 'c7443de8-33c7-11ed-86cc-283a4d3b4979', 'c745013e-33c7-11ed-86cc-283a4d3b4979', '4483ed63-34a8-11ed-a5e5-283a4d3b4979', 'formName', 'string', 0, NULL, NULL, NULL, 'LeaveForm', NULL, '2022-09-15 11:41:22.702', '2022-09-15 11:41:22.702');
INSERT INTO `act_hi_varinst` VALUES ('44843b86-34a8-11ed-a5e5-283a4d3b4979', 'c7443de8-33c7-11ed-86cc-283a4d3b4979', 'c745013e-33c7-11ed-86cc-283a4d3b4979', '4483ed63-34a8-11ed-a5e5-283a4d3b4979', 'entity', 'json', 0, NULL, NULL, NULL, '{\"id\":\"1568112800827052034\",\"username\":\"admin\",\"leaveType\":2,\"title\":\"事假23\",\"leaveReason\":\"43254\",\"startDate\":\"2022-09-08T16:00:00.000+00:00\",\"endDate\":\"2022-09-16T15:59:59.000+00:00\",\"duration\":8,\"principal\":\"34\",\"contactPhone\":\"12\",\"createDate\":\"2022-09-09T05:43:20.000+00:00\",\"updateDate\":\"2022-09-09T05:43:20.000+00:00\",\"processInstanceId\":\"\",\"status\":0,\"endDateStr\":\"2022-09-16 23:59:59\",\"statusStr\":\"已撤回\",\"startDateStr\":\"2022-09-09 00:00:00\",\"createDateStr\":\"2022-09-09 13:43:20\",\"updateDateStr\":\"2022-09-09 13:43:20\",\"leaveTypeStr\":\"事假\"}', 'java.util.LinkedHashMap', '2022-09-15 11:41:22.702', '2022-09-15 11:41:22.702');
INSERT INTO `act_hi_varinst` VALUES ('47d2551e-34a8-11ed-a5e5-283a4d3b4979', 'c7443de8-33c7-11ed-86cc-283a4d3b4979', 'c745013e-33c7-11ed-86cc-283a4d3b4979', '47d22e0d-34a8-11ed-a5e5-283a4d3b4979', 'formName', 'string', 0, NULL, NULL, NULL, 'LeaveForm', NULL, '2022-09-15 11:41:28.247', '2022-09-15 11:41:28.247');
INSERT INTO `act_hi_varinst` VALUES ('47d25520-34a8-11ed-a5e5-283a4d3b4979', 'c7443de8-33c7-11ed-86cc-283a4d3b4979', 'c745013e-33c7-11ed-86cc-283a4d3b4979', '47d22e0d-34a8-11ed-a5e5-283a4d3b4979', 'entity', 'json', 0, NULL, NULL, NULL, '{\"id\":\"1568112800827052034\",\"username\":\"admin\",\"leaveType\":2,\"title\":\"事假23\",\"leaveReason\":\"43254\",\"startDate\":\"2022-09-08T16:00:00.000+00:00\",\"endDate\":\"2022-09-16T15:59:59.000+00:00\",\"duration\":8,\"principal\":\"34\",\"contactPhone\":\"12\",\"createDate\":\"2022-09-09T05:43:20.000+00:00\",\"updateDate\":\"2022-09-09T05:43:20.000+00:00\",\"processInstanceId\":\"\",\"status\":0,\"endDateStr\":\"2022-09-16 23:59:59\",\"statusStr\":\"已撤回\",\"startDateStr\":\"2022-09-09 00:00:00\",\"createDateStr\":\"2022-09-09 13:43:20\",\"updateDateStr\":\"2022-09-09 13:43:20\",\"leaveTypeStr\":\"事假\"}', 'java.util.LinkedHashMap', '2022-09-15 11:41:28.247', '2022-09-15 11:41:28.247');
INSERT INTO `act_hi_varinst` VALUES ('5a1f3d1c-34a8-11ed-a5e5-283a4d3b4979', 'b98a3e96-34a0-11ed-a5e5-283a4d3b4979', 'b98c3a6c-34a0-11ed-a5e5-283a4d3b4979', '5a1f160b-34a8-11ed-a5e5-283a4d3b4979', 'formName', 'string', 0, NULL, NULL, NULL, 'LeaveForm', NULL, '2022-09-15 11:41:58.950', '2022-09-15 11:41:58.950');
INSERT INTO `act_hi_varinst` VALUES ('5a1f3d1e-34a8-11ed-a5e5-283a4d3b4979', 'b98a3e96-34a0-11ed-a5e5-283a4d3b4979', 'b98c3a6c-34a0-11ed-a5e5-283a4d3b4979', '5a1f160b-34a8-11ed-a5e5-283a4d3b4979', 'entity', 'json', 0, NULL, NULL, NULL, '{\"id\":\"1567777623949111297\",\"username\":\"admin\",\"leaveType\":2,\"title\":\"12345\",\"leaveReason\":\"4567\",\"startDate\":\"2022-09-07T16:00:00.000+00:00\",\"endDate\":\"2022-09-16T15:59:59.000+00:00\",\"duration\":9,\"principal\":\"2\",\"contactPhone\":\"1\",\"createDate\":\"2022-09-08T07:31:28.000+00:00\",\"updateDate\":\"2022-09-08T07:31:28.000+00:00\",\"processInstanceId\":\"\",\"status\":0,\"createDateStr\":\"2022-09-08 15:31:28\",\"leaveTypeStr\":\"事假\",\"startDateStr\":\"2022-09-08 00:00:00\",\"statusStr\":\"已撤回\",\"endDateStr\":\"2022-09-16 23:59:59\",\"updateDateStr\":\"2022-09-08 15:31:28\"}', 'java.util.LinkedHashMap', '2022-09-15 11:41:58.950', '2022-09-15 11:41:58.950');
INSERT INTO `act_hi_varinst` VALUES ('8c5a229e-32ff-11ed-87bc-283a4d3b4979', '029458f3-32fb-11ed-9c60-283a4d3b4979', '02951c49-32fb-11ed-9c60-283a4d3b4979', '8c59ad6d-32ff-11ed-87bc-283a4d3b4979', 'formName', 'string', 0, NULL, NULL, NULL, 'LeaveForm', NULL, '2022-09-13 09:01:07.112', '2022-09-13 09:01:07.112');
INSERT INTO `act_hi_varinst` VALUES ('8c5a22a0-32ff-11ed-87bc-283a4d3b4979', '029458f3-32fb-11ed-9c60-283a4d3b4979', '02951c49-32fb-11ed-9c60-283a4d3b4979', '8c59ad6d-32ff-11ed-87bc-283a4d3b4979', 'entity', 'json', 0, NULL, NULL, NULL, '{\"id\":\"1569483068132782082\",\"username\":\"admin\",\"leaveType\":2,\"title\":\"事假123\",\"leaveReason\":\"事假123\",\"startDate\":\"2022-09-12T16:00:00.000+00:00\",\"endDate\":\"2022-09-23T15:59:59.000+00:00\",\"duration\":11,\"principal\":\"2\",\"contactPhone\":\"1\",\"createDate\":\"2022-09-13T00:28:17.000+00:00\",\"updateDate\":\"2022-09-13T00:28:17.000+00:00\",\"status\":1,\"statusStr\":\"待提交\",\"startDateStr\":\"2022-09-13 00:00:00\",\"endDateStr\":\"2022-09-23 23:59:59\",\"createDateStr\":\"2022-09-13 08:28:17\",\"leaveTypeStr\":\"事假\",\"updateDateStr\":\"2022-09-13 08:28:17\"}', 'java.util.LinkedHashMap', '2022-09-13 09:01:07.112', '2022-09-13 09:01:07.112');
INSERT INTO `act_hi_varinst` VALUES ('924a5bd3-34a8-11ed-a5e5-283a4d3b4979', '924a5bd1-34a8-11ed-a5e5-283a4d3b4979', '924a5bd1-34a8-11ed-a5e5-283a4d3b4979', NULL, 'entity', 'json', 2, NULL, NULL, NULL, '{\"id\":\"1570250806270881793\",\"username\":\"admin\",\"leaveType\":1,\"title\":\"0915\",\"leaveReason\":\"请假病假\",\"startDate\":\"2022-09-14T16:00:00.000+00:00\",\"endDate\":\"2022-09-23T15:59:59.000+00:00\",\"duration\":8.9,\"createDate\":\"2022-09-15T03:19:00.000+00:00\",\"updateDate\":\"2022-09-15T03:19:00.000+00:00\",\"processInstanceId\":\"\",\"status\":0,\"createDateStr\":\"2022-09-15 11:19:00\",\"leaveTypeStr\":\"病假\",\"startDateStr\":\"2022-09-15 00:00:00\",\"statusStr\":\"已撤回\",\"endDateStr\":\"2022-09-23 23:59:59\",\"updateDateStr\":\"2022-09-15 11:19:00\"}', 'java.util.LinkedHashMap', '2022-09-15 11:43:33.185', '2022-09-15 11:45:38.816');
INSERT INTO `act_hi_varinst` VALUES ('924a5bd5-34a8-11ed-a5e5-283a4d3b4979', '924a5bd1-34a8-11ed-a5e5-283a4d3b4979', '924a5bd1-34a8-11ed-a5e5-283a4d3b4979', NULL, 'formName', 'string', 2, NULL, NULL, NULL, 'LeaveForm', NULL, '2022-09-15 11:43:33.185', '2022-09-15 11:45:38.817');
INSERT INTO `act_hi_varinst` VALUES ('924a82eb-34a8-11ed-a5e5-283a4d3b4979', '924a5bd1-34a8-11ed-a5e5-283a4d3b4979', '924a5bd7-34a8-11ed-a5e5-283a4d3b4979', '924a82ea-34a8-11ed-a5e5-283a4d3b4979', 'formName', 'string', 0, NULL, NULL, NULL, 'LeaveForm', NULL, '2022-09-15 11:43:33.186', '2022-09-15 11:43:33.186');
INSERT INTO `act_hi_varinst` VALUES ('924a82ed-34a8-11ed-a5e5-283a4d3b4979', '924a5bd1-34a8-11ed-a5e5-283a4d3b4979', '924a5bd7-34a8-11ed-a5e5-283a4d3b4979', '924a82ea-34a8-11ed-a5e5-283a4d3b4979', 'entity', 'json', 0, NULL, NULL, NULL, '{\"id\":\"1570250806270881793\",\"username\":\"admin\",\"leaveType\":1,\"title\":\"0915\",\"leaveReason\":\"请假病假\",\"startDate\":\"2022-09-14T16:00:00.000+00:00\",\"endDate\":\"2022-09-23T15:59:59.000+00:00\",\"duration\":8.9,\"createDate\":\"2022-09-15T03:19:00.000+00:00\",\"updateDate\":\"2022-09-15T03:19:00.000+00:00\",\"processInstanceId\":\"\",\"status\":0,\"createDateStr\":\"2022-09-15 11:19:00\",\"leaveTypeStr\":\"病假\",\"startDateStr\":\"2022-09-15 00:00:00\",\"statusStr\":\"已撤回\",\"endDateStr\":\"2022-09-23 23:59:59\",\"updateDateStr\":\"2022-09-15 11:19:00\"}', 'java.util.LinkedHashMap', '2022-09-15 11:43:33.186', '2022-09-15 11:43:33.186');
INSERT INTO `act_hi_varinst` VALUES ('b98bc538-34a0-11ed-a5e5-283a4d3b4979', 'b98a3e96-34a0-11ed-a5e5-283a4d3b4979', 'b98a3e96-34a0-11ed-a5e5-283a4d3b4979', NULL, 'entity', 'json', 4, NULL, NULL, NULL, '{\"id\":\"1567777623949111297\",\"username\":\"admin\",\"leaveType\":2,\"title\":\"12345\",\"leaveReason\":\"4567\",\"startDate\":\"2022-09-07T16:00:00.000+00:00\",\"endDate\":\"2022-09-16T15:59:59.000+00:00\",\"duration\":9,\"principal\":\"2\",\"contactPhone\":\"1\",\"createDate\":\"2022-09-08T07:31:28.000+00:00\",\"updateDate\":\"2022-09-08T07:31:28.000+00:00\",\"processInstanceId\":\"\",\"status\":0,\"createDateStr\":\"2022-09-08 15:31:28\",\"leaveTypeStr\":\"事假\",\"startDateStr\":\"2022-09-08 00:00:00\",\"statusStr\":\"已撤回\",\"endDateStr\":\"2022-09-16 23:59:59\",\"updateDateStr\":\"2022-09-08 15:31:28\"}', 'java.util.LinkedHashMap', '2022-09-15 10:47:23.071', '2022-09-15 11:41:58.948');
INSERT INTO `act_hi_varinst` VALUES ('b98c3a6a-34a0-11ed-a5e5-283a4d3b4979', 'b98a3e96-34a0-11ed-a5e5-283a4d3b4979', 'b98a3e96-34a0-11ed-a5e5-283a4d3b4979', NULL, 'formName', 'string', 4, NULL, NULL, NULL, 'LeaveForm', NULL, '2022-09-15 10:47:23.074', '2022-09-15 11:41:58.948');
INSERT INTO `act_hi_varinst` VALUES ('b9916a90-34a0-11ed-a5e5-283a4d3b4979', 'b98a3e96-34a0-11ed-a5e5-283a4d3b4979', 'b98c3a6c-34a0-11ed-a5e5-283a4d3b4979', 'b990a73f-34a0-11ed-a5e5-283a4d3b4979', 'formName', 'string', 0, NULL, NULL, NULL, 'LeaveForm', NULL, '2022-09-15 10:47:23.108', '2022-09-15 10:47:23.108');
INSERT INTO `act_hi_varinst` VALUES ('b99191a2-34a0-11ed-a5e5-283a4d3b4979', 'b98a3e96-34a0-11ed-a5e5-283a4d3b4979', 'b98c3a6c-34a0-11ed-a5e5-283a4d3b4979', 'b990a73f-34a0-11ed-a5e5-283a4d3b4979', 'entity', 'json', 0, NULL, NULL, NULL, '{\"id\":\"1567777623949111297\",\"username\":\"admin\",\"leaveType\":2,\"title\":\"12345\",\"leaveReason\":\"4567\",\"startDate\":\"2022-09-07T16:00:00.000+00:00\",\"endDate\":\"2022-09-16T15:59:59.000+00:00\",\"duration\":9,\"principal\":\"2\",\"contactPhone\":\"1\",\"createDate\":\"2022-09-08T07:31:28.000+00:00\",\"updateDate\":\"2022-09-08T07:31:28.000+00:00\",\"processInstanceId\":\"\",\"status\":0,\"createDateStr\":\"2022-09-08 15:31:28\",\"leaveTypeStr\":\"事假\",\"startDateStr\":\"2022-09-08 00:00:00\",\"statusStr\":\"已撤回\",\"endDateStr\":\"2022-09-16 23:59:59\",\"updateDateStr\":\"2022-09-08 15:31:28\"}', 'java.util.LinkedHashMap', '2022-09-15 10:47:23.109', '2022-09-15 10:47:23.109');
INSERT INTO `act_hi_varinst` VALUES ('c744b31a-33c7-11ed-86cc-283a4d3b4979', 'c7443de8-33c7-11ed-86cc-283a4d3b4979', 'c7443de8-33c7-11ed-86cc-283a4d3b4979', NULL, 'entity', 'json', 5, NULL, NULL, NULL, '{\"id\":\"1568112800827052034\",\"username\":\"admin\",\"leaveType\":2,\"title\":\"事假23\",\"leaveReason\":\"43254\",\"startDate\":\"2022-09-08T16:00:00.000+00:00\",\"endDate\":\"2022-09-16T15:59:59.000+00:00\",\"duration\":8,\"principal\":\"34\",\"contactPhone\":\"12\",\"createDate\":\"2022-09-09T05:43:20.000+00:00\",\"updateDate\":\"2022-09-09T05:43:20.000+00:00\",\"processInstanceId\":\"\",\"status\":0,\"endDateStr\":\"2022-09-16 23:59:59\",\"statusStr\":\"已撤回\",\"startDateStr\":\"2022-09-09 00:00:00\",\"createDateStr\":\"2022-09-09 13:43:20\",\"updateDateStr\":\"2022-09-09 13:43:20\",\"leaveTypeStr\":\"事假\"}', 'java.util.LinkedHashMap', '2022-09-14 08:54:25.303', '2022-09-15 11:41:35.783');
INSERT INTO `act_hi_varinst` VALUES ('c745013c-33c7-11ed-86cc-283a4d3b4979', 'c7443de8-33c7-11ed-86cc-283a4d3b4979', 'c7443de8-33c7-11ed-86cc-283a4d3b4979', NULL, 'formName', 'string', 5, NULL, NULL, NULL, 'LeaveForm', NULL, '2022-09-14 08:54:25.305', '2022-09-15 11:41:35.783');
INSERT INTO `act_hi_varinst` VALUES ('c749bc32-33c7-11ed-86cc-283a4d3b4979', 'c7443de8-33c7-11ed-86cc-283a4d3b4979', 'c745013e-33c7-11ed-86cc-283a4d3b4979', 'c7491ff1-33c7-11ed-86cc-283a4d3b4979', 'formName', 'string', 0, NULL, NULL, NULL, 'LeaveForm', NULL, '2022-09-14 08:54:25.336', '2022-09-14 08:54:25.336');
INSERT INTO `act_hi_varinst` VALUES ('c749bc34-33c7-11ed-86cc-283a4d3b4979', 'c7443de8-33c7-11ed-86cc-283a4d3b4979', 'c745013e-33c7-11ed-86cc-283a4d3b4979', 'c7491ff1-33c7-11ed-86cc-283a4d3b4979', 'entity', 'json', 0, NULL, NULL, NULL, '{\"id\":\"1568112800827052034\",\"username\":\"admin\",\"leaveType\":2,\"title\":\"事假23\",\"leaveReason\":\"43254\",\"startDate\":\"2022-09-08T16:00:00.000+00:00\",\"endDate\":\"2022-09-16T15:59:59.000+00:00\",\"duration\":8,\"principal\":\"34\",\"contactPhone\":\"12\",\"createDate\":\"2022-09-09T05:43:20.000+00:00\",\"updateDate\":\"2022-09-09T05:43:20.000+00:00\",\"processInstanceId\":\"\",\"status\":0,\"endDateStr\":\"2022-09-16 23:59:59\",\"statusStr\":\"已撤回\",\"startDateStr\":\"2022-09-09 00:00:00\",\"createDateStr\":\"2022-09-09 13:43:20\",\"updateDateStr\":\"2022-09-09 13:43:20\",\"leaveTypeStr\":\"事假\"}', 'java.util.LinkedHashMap', '2022-09-14 08:54:25.336', '2022-09-14 08:54:25.336');
INSERT INTO `act_hi_varinst` VALUES ('c7d15ca5-34a8-11ed-a5e5-283a4d3b4979', '924a5bd1-34a8-11ed-a5e5-283a4d3b4979', '924a5bd7-34a8-11ed-a5e5-283a4d3b4979', 'c7d13594-34a8-11ed-a5e5-283a4d3b4979', 'formName', 'string', 0, NULL, NULL, NULL, 'LeaveForm', NULL, '2022-09-15 11:45:02.989', '2022-09-15 11:45:02.989');
INSERT INTO `act_hi_varinst` VALUES ('c7d15ca7-34a8-11ed-a5e5-283a4d3b4979', '924a5bd1-34a8-11ed-a5e5-283a4d3b4979', '924a5bd7-34a8-11ed-a5e5-283a4d3b4979', 'c7d13594-34a8-11ed-a5e5-283a4d3b4979', 'entity', 'json', 0, NULL, NULL, NULL, '{\"id\":\"1570250806270881793\",\"username\":\"admin\",\"leaveType\":1,\"title\":\"0915\",\"leaveReason\":\"请假病假\",\"startDate\":\"2022-09-14T16:00:00.000+00:00\",\"endDate\":\"2022-09-23T15:59:59.000+00:00\",\"duration\":8.9,\"createDate\":\"2022-09-15T03:19:00.000+00:00\",\"updateDate\":\"2022-09-15T03:19:00.000+00:00\",\"processInstanceId\":\"\",\"status\":0,\"createDateStr\":\"2022-09-15 11:19:00\",\"leaveTypeStr\":\"病假\",\"startDateStr\":\"2022-09-15 00:00:00\",\"statusStr\":\"已撤回\",\"endDateStr\":\"2022-09-23 23:59:59\",\"updateDateStr\":\"2022-09-15 11:19:00\"}', 'java.util.LinkedHashMap', '2022-09-15 11:45:02.989', '2022-09-15 11:45:02.989');
INSERT INTO `act_hi_varinst` VALUES ('d7ebefdf-332a-11ed-be56-283a4d3b4979', '029458f3-32fb-11ed-9c60-283a4d3b4979', '02951c49-32fb-11ed-9c60-283a4d3b4979', 'd7eb539e-332a-11ed-be56-283a4d3b4979', 'formName', 'string', 0, NULL, NULL, NULL, 'LeaveForm', NULL, '2022-09-13 14:11:02.256', '2022-09-13 14:11:02.256');
INSERT INTO `act_hi_varinst` VALUES ('d7ec3e01-332a-11ed-be56-283a4d3b4979', '029458f3-32fb-11ed-9c60-283a4d3b4979', '02951c49-32fb-11ed-9c60-283a4d3b4979', 'd7eb539e-332a-11ed-be56-283a4d3b4979', 'entity', 'json', 0, NULL, NULL, NULL, '{\"id\":\"1569483068132782082\",\"username\":\"admin\",\"leaveType\":2,\"title\":\"事假123\",\"leaveReason\":\"事假123\",\"startDate\":\"2022-09-12T16:00:00.000+00:00\",\"endDate\":\"2022-09-23T15:59:59.000+00:00\",\"duration\":11,\"principal\":\"2\",\"contactPhone\":\"1\",\"createDate\":\"2022-09-13T00:28:17.000+00:00\",\"updateDate\":\"2022-09-13T00:28:17.000+00:00\",\"status\":1,\"statusStr\":\"待提交\",\"startDateStr\":\"2022-09-13 00:00:00\",\"endDateStr\":\"2022-09-23 23:59:59\",\"createDateStr\":\"2022-09-13 08:28:17\",\"leaveTypeStr\":\"事假\",\"updateDateStr\":\"2022-09-13 08:28:17\"}', 'java.util.LinkedHashMap', '2022-09-13 14:11:02.258', '2022-09-13 14:11:02.258');
INSERT INTO `act_hi_varinst` VALUES ('dd2c960f-34a8-11ed-a5e5-283a4d3b4979', '924a5bd1-34a8-11ed-a5e5-283a4d3b4979', '924a5bd7-34a8-11ed-a5e5-283a4d3b4979', 'dd2c6efe-34a8-11ed-a5e5-283a4d3b4979', 'formName', 'string', 0, NULL, NULL, NULL, 'LeaveForm', NULL, '2022-09-15 11:45:38.819', '2022-09-15 11:45:38.819');
INSERT INTO `act_hi_varinst` VALUES ('dd2c9611-34a8-11ed-a5e5-283a4d3b4979', '924a5bd1-34a8-11ed-a5e5-283a4d3b4979', '924a5bd7-34a8-11ed-a5e5-283a4d3b4979', 'dd2c6efe-34a8-11ed-a5e5-283a4d3b4979', 'entity', 'json', 0, NULL, NULL, NULL, '{\"id\":\"1570250806270881793\",\"username\":\"admin\",\"leaveType\":1,\"title\":\"0915\",\"leaveReason\":\"请假病假\",\"startDate\":\"2022-09-14T16:00:00.000+00:00\",\"endDate\":\"2022-09-23T15:59:59.000+00:00\",\"duration\":8.9,\"createDate\":\"2022-09-15T03:19:00.000+00:00\",\"updateDate\":\"2022-09-15T03:19:00.000+00:00\",\"processInstanceId\":\"\",\"status\":0,\"createDateStr\":\"2022-09-15 11:19:00\",\"leaveTypeStr\":\"病假\",\"startDateStr\":\"2022-09-15 00:00:00\",\"statusStr\":\"已撤回\",\"endDateStr\":\"2022-09-23 23:59:59\",\"updateDateStr\":\"2022-09-15 11:19:00\"}', 'java.util.LinkedHashMap', '2022-09-15 11:45:38.819', '2022-09-15 11:45:38.819');
INSERT INTO `act_hi_varinst` VALUES ('f4093b24-3327-11ed-8143-283a4d3b4979', '029458f3-32fb-11ed-9c60-283a4d3b4979', '02951c49-32fb-11ed-9c60-283a4d3b4979', 'f408c5f3-3327-11ed-8143-283a4d3b4979', 'formName', 'string', 0, NULL, NULL, NULL, 'LeaveForm', NULL, '2022-09-13 13:50:20.935', '2022-09-13 13:50:20.935');
INSERT INTO `act_hi_varinst` VALUES ('f4098946-3327-11ed-8143-283a4d3b4979', '029458f3-32fb-11ed-9c60-283a4d3b4979', '02951c49-32fb-11ed-9c60-283a4d3b4979', 'f408c5f3-3327-11ed-8143-283a4d3b4979', 'entity', 'json', 0, NULL, NULL, NULL, '{\"id\":\"1569483068132782082\",\"username\":\"admin\",\"leaveType\":2,\"title\":\"事假123\",\"leaveReason\":\"事假123\",\"startDate\":\"2022-09-12T16:00:00.000+00:00\",\"endDate\":\"2022-09-23T15:59:59.000+00:00\",\"duration\":11,\"principal\":\"2\",\"contactPhone\":\"1\",\"createDate\":\"2022-09-13T00:28:17.000+00:00\",\"updateDate\":\"2022-09-13T00:28:17.000+00:00\",\"status\":1,\"statusStr\":\"待提交\",\"startDateStr\":\"2022-09-13 00:00:00\",\"endDateStr\":\"2022-09-23 23:59:59\",\"createDateStr\":\"2022-09-13 08:28:17\",\"leaveTypeStr\":\"事假\",\"updateDateStr\":\"2022-09-13 08:28:17\"}', 'java.util.LinkedHashMap', '2022-09-13 13:50:20.936', '2022-09-13 13:50:20.936');
INSERT INTO `act_hi_varinst` VALUES ('f5a3d119-332a-11ed-be56-283a4d3b4979', '029458f3-32fb-11ed-9c60-283a4d3b4979', '02951c49-32fb-11ed-9c60-283a4d3b4979', 'f5a35be8-332a-11ed-be56-283a4d3b4979', 'formName', 'string', 0, NULL, NULL, NULL, 'LeaveForm', NULL, '2022-09-13 14:11:52.115', '2022-09-13 14:11:52.115');
INSERT INTO `act_hi_varinst` VALUES ('f5a3d11b-332a-11ed-be56-283a4d3b4979', '029458f3-32fb-11ed-9c60-283a4d3b4979', '02951c49-32fb-11ed-9c60-283a4d3b4979', 'f5a35be8-332a-11ed-be56-283a4d3b4979', 'entity', 'json', 0, NULL, NULL, NULL, '{\"id\":\"1569483068132782082\",\"username\":\"admin\",\"leaveType\":2,\"title\":\"事假123\",\"leaveReason\":\"事假123\",\"startDate\":\"2022-09-12T16:00:00.000+00:00\",\"endDate\":\"2022-09-23T15:59:59.000+00:00\",\"duration\":11,\"principal\":\"2\",\"contactPhone\":\"1\",\"createDate\":\"2022-09-13T00:28:17.000+00:00\",\"updateDate\":\"2022-09-13T00:28:17.000+00:00\",\"status\":1,\"statusStr\":\"待提交\",\"startDateStr\":\"2022-09-13 00:00:00\",\"endDateStr\":\"2022-09-23 23:59:59\",\"createDateStr\":\"2022-09-13 08:28:17\",\"leaveTypeStr\":\"事假\",\"updateDateStr\":\"2022-09-13 08:28:17\"}', 'java.util.LinkedHashMap', '2022-09-13 14:11:52.115', '2022-09-13 14:11:52.115');

-- ----------------------------
-- Table structure for act_procdef_info
-- ----------------------------
DROP TABLE IF EXISTS `act_procdef_info`;
CREATE TABLE `act_procdef_info`  (
  `ID_` varchar(64) CHARACTER SET utf8mb3 COLLATE utf8mb3_bin NOT NULL,
  `PROC_DEF_ID_` varchar(64) CHARACTER SET utf8mb3 COLLATE utf8mb3_bin NOT NULL,
  `REV_` int NULL DEFAULT NULL,
  `INFO_JSON_ID_` varchar(64) CHARACTER SET utf8mb3 COLLATE utf8mb3_bin NULL DEFAULT NULL,
  PRIMARY KEY (`ID_`) USING BTREE,
  UNIQUE INDEX `ACT_UNIQ_INFO_PROCDEF`(`PROC_DEF_ID_` ASC) USING BTREE,
  INDEX `ACT_IDX_INFO_PROCDEF`(`PROC_DEF_ID_` ASC) USING BTREE,
  INDEX `ACT_FK_INFO_JSON_BA`(`INFO_JSON_ID_` ASC) USING BTREE,
  CONSTRAINT `ACT_FK_INFO_JSON_BA` FOREIGN KEY (`INFO_JSON_ID_`) REFERENCES `act_ge_bytearray` (`ID_`) ON DELETE RESTRICT ON UPDATE RESTRICT,
  CONSTRAINT `ACT_FK_INFO_PROCDEF` FOREIGN KEY (`PROC_DEF_ID_`) REFERENCES `act_re_procdef` (`ID_`) ON DELETE RESTRICT ON UPDATE RESTRICT
) ENGINE = InnoDB CHARACTER SET = utf8mb3 COLLATE = utf8mb3_bin ROW_FORMAT = DYNAMIC;

-- ----------------------------
-- Records of act_procdef_info
-- ----------------------------

-- ----------------------------
-- Table structure for act_re_deployment
-- ----------------------------
DROP TABLE IF EXISTS `act_re_deployment`;
CREATE TABLE `act_re_deployment`  (
  `ID_` varchar(64) CHARACTER SET utf8mb3 COLLATE utf8mb3_bin NOT NULL,
  `NAME_` varchar(255) CHARACTER SET utf8mb3 COLLATE utf8mb3_bin NULL DEFAULT NULL,
  `CATEGORY_` varchar(255) CHARACTER SET utf8mb3 COLLATE utf8mb3_bin NULL DEFAULT NULL,
  `KEY_` varchar(255) CHARACTER SET utf8mb3 COLLATE utf8mb3_bin NULL DEFAULT NULL,
  `TENANT_ID_` varchar(255) CHARACTER SET utf8mb3 COLLATE utf8mb3_bin NULL DEFAULT '',
  `DEPLOY_TIME_` timestamp(3) NULL DEFAULT NULL,
  `ENGINE_VERSION_` varchar(255) CHARACTER SET utf8mb3 COLLATE utf8mb3_bin NULL DEFAULT NULL,
  `VERSION_` int NULL DEFAULT 1,
  `PROJECT_RELEASE_VERSION_` varchar(255) CHARACTER SET utf8mb3 COLLATE utf8mb3_bin NULL DEFAULT NULL,
  PRIMARY KEY (`ID_`) USING BTREE
) ENGINE = InnoDB CHARACTER SET = utf8mb3 COLLATE = utf8mb3_bin ROW_FORMAT = DYNAMIC;

-- ----------------------------
-- Records of act_re_deployment
-- ----------------------------
INSERT INTO `act_re_deployment` VALUES ('1dee0f75-34bc-11ed-bd8b-283a4d3b4979', '借款申请流程', NULL, NULL, '', '2022-09-15 14:03:27.899', NULL, 1, NULL);
INSERT INTO `act_re_deployment` VALUES ('ecc2862b-2fe9-11ed-aa68-283a4d3b4979', '请假流程', NULL, NULL, '', '2022-09-09 10:48:46.441', NULL, 1, NULL);

-- ----------------------------
-- Table structure for act_re_model
-- ----------------------------
DROP TABLE IF EXISTS `act_re_model`;
CREATE TABLE `act_re_model`  (
  `ID_` varchar(64) CHARACTER SET utf8mb3 COLLATE utf8mb3_bin NOT NULL,
  `REV_` int NULL DEFAULT NULL,
  `NAME_` varchar(255) CHARACTER SET utf8mb3 COLLATE utf8mb3_bin NULL DEFAULT NULL,
  `KEY_` varchar(255) CHARACTER SET utf8mb3 COLLATE utf8mb3_bin NULL DEFAULT NULL,
  `CATEGORY_` varchar(255) CHARACTER SET utf8mb3 COLLATE utf8mb3_bin NULL DEFAULT NULL,
  `CREATE_TIME_` timestamp(3) NULL DEFAULT NULL,
  `LAST_UPDATE_TIME_` timestamp(3) NULL DEFAULT NULL,
  `VERSION_` int NULL DEFAULT NULL,
  `META_INFO_` varchar(4000) CHARACTER SET utf8mb3 COLLATE utf8mb3_bin NULL DEFAULT NULL,
  `DEPLOYMENT_ID_` varchar(64) CHARACTER SET utf8mb3 COLLATE utf8mb3_bin NULL DEFAULT NULL,
  `EDITOR_SOURCE_VALUE_ID_` varchar(64) CHARACTER SET utf8mb3 COLLATE utf8mb3_bin NULL DEFAULT NULL,
  `EDITOR_SOURCE_EXTRA_VALUE_ID_` varchar(64) CHARACTER SET utf8mb3 COLLATE utf8mb3_bin NULL DEFAULT NULL,
  `TENANT_ID_` varchar(255) CHARACTER SET utf8mb3 COLLATE utf8mb3_bin NULL DEFAULT '',
  PRIMARY KEY (`ID_`) USING BTREE,
  INDEX `ACT_FK_MODEL_SOURCE`(`EDITOR_SOURCE_VALUE_ID_` ASC) USING BTREE,
  INDEX `ACT_FK_MODEL_SOURCE_EXTRA`(`EDITOR_SOURCE_EXTRA_VALUE_ID_` ASC) USING BTREE,
  INDEX `ACT_FK_MODEL_DEPLOYMENT`(`DEPLOYMENT_ID_` ASC) USING BTREE,
  CONSTRAINT `ACT_FK_MODEL_DEPLOYMENT` FOREIGN KEY (`DEPLOYMENT_ID_`) REFERENCES `act_re_deployment` (`ID_`) ON DELETE RESTRICT ON UPDATE RESTRICT,
  CONSTRAINT `ACT_FK_MODEL_SOURCE` FOREIGN KEY (`EDITOR_SOURCE_VALUE_ID_`) REFERENCES `act_ge_bytearray` (`ID_`) ON DELETE RESTRICT ON UPDATE RESTRICT,
  CONSTRAINT `ACT_FK_MODEL_SOURCE_EXTRA` FOREIGN KEY (`EDITOR_SOURCE_EXTRA_VALUE_ID_`) REFERENCES `act_ge_bytearray` (`ID_`) ON DELETE RESTRICT ON UPDATE RESTRICT
) ENGINE = InnoDB CHARACTER SET = utf8mb3 COLLATE = utf8mb3_bin ROW_FORMAT = DYNAMIC;

-- ----------------------------
-- Records of act_re_model
-- ----------------------------
INSERT INTO `act_re_model` VALUES ('2b5a01b5-2db6-11ed-b237-283a4d3b4979', 19, '请假流程', 'Leave', NULL, '2022-09-06 15:33:15.297', '2022-09-13 18:32:29.023', 1, '{\"name\":\"请假流程\",\"revision\":0,\"description\":\"请假申请流程模型备注\"}', NULL, '2b637796-2db6-11ed-b237-283a4d3b4979', '61e66487-2db6-11ed-b237-283a4d3b4979', '');
INSERT INTO `act_re_model` VALUES ('ef530f82-34bb-11ed-bd8b-283a4d3b4979', 5, '借款申请流程', 'Loan', NULL, '2022-09-15 14:02:09.708', '2022-09-15 14:03:28.027', 1, '{\"name\":\"借款申请流程\",\"revision\":0,\"description\":\"借款申请流程\"}', '1dee0f75-34bc-11ed-bd8b-283a4d3b4979', 'ef54bd33-34bb-11ed-bd8b-283a4d3b4979', '13aca214-34bc-11ed-bd8b-283a4d3b4979', '');

-- ----------------------------
-- Table structure for act_re_procdef
-- ----------------------------
DROP TABLE IF EXISTS `act_re_procdef`;
CREATE TABLE `act_re_procdef`  (
  `ID_` varchar(64) CHARACTER SET utf8mb3 COLLATE utf8mb3_bin NOT NULL,
  `REV_` int NULL DEFAULT NULL,
  `CATEGORY_` varchar(255) CHARACTER SET utf8mb3 COLLATE utf8mb3_bin NULL DEFAULT NULL,
  `NAME_` varchar(255) CHARACTER SET utf8mb3 COLLATE utf8mb3_bin NULL DEFAULT NULL,
  `KEY_` varchar(255) CHARACTER SET utf8mb3 COLLATE utf8mb3_bin NOT NULL,
  `VERSION_` int NOT NULL,
  `DEPLOYMENT_ID_` varchar(64) CHARACTER SET utf8mb3 COLLATE utf8mb3_bin NULL DEFAULT NULL,
  `RESOURCE_NAME_` varchar(4000) CHARACTER SET utf8mb3 COLLATE utf8mb3_bin NULL DEFAULT NULL,
  `DGRM_RESOURCE_NAME_` varchar(4000) CHARACTER SET utf8mb3 COLLATE utf8mb3_bin NULL DEFAULT NULL,
  `DESCRIPTION_` varchar(4000) CHARACTER SET utf8mb3 COLLATE utf8mb3_bin NULL DEFAULT NULL,
  `HAS_START_FORM_KEY_` tinyint NULL DEFAULT NULL,
  `HAS_GRAPHICAL_NOTATION_` tinyint NULL DEFAULT NULL,
  `SUSPENSION_STATE_` int NULL DEFAULT NULL,
  `TENANT_ID_` varchar(255) CHARACTER SET utf8mb3 COLLATE utf8mb3_bin NULL DEFAULT '',
  `ENGINE_VERSION_` varchar(255) CHARACTER SET utf8mb3 COLLATE utf8mb3_bin NULL DEFAULT NULL,
  `APP_VERSION_` int NULL DEFAULT NULL,
  PRIMARY KEY (`ID_`) USING BTREE,
  UNIQUE INDEX `ACT_UNIQ_PROCDEF`(`KEY_` ASC, `VERSION_` ASC, `TENANT_ID_` ASC) USING BTREE
) ENGINE = InnoDB CHARACTER SET = utf8mb3 COLLATE = utf8mb3_bin ROW_FORMAT = DYNAMIC;

-- ----------------------------
-- Records of act_re_procdef
-- ----------------------------
INSERT INTO `act_re_procdef` VALUES ('Leave:1:ecc98b0e-2fe9-11ed-aa68-283a4d3b4979', 3, 'http://www.activiti.org/processdef', '请假申请流程', 'Leave', 1, 'ecc2862b-2fe9-11ed-aa68-283a4d3b4979', '请假流程.bpmn20.xml', '请假流程.Leave.png', NULL, 0, 1, 1, '', NULL, NULL);
INSERT INTO `act_re_procdef` VALUES ('Loan:1:1dfeff68-34bc-11ed-bd8b-283a4d3b4979', 1, 'http://www.activiti.org/processdef', '借款流程', 'Loan', 1, '1dee0f75-34bc-11ed-bd8b-283a4d3b4979', '借款申请流程.bpmn20.xml', '借款申请流程.Loan.png', NULL, 0, 1, 1, '', NULL, NULL);

-- ----------------------------
-- Table structure for act_ru_deadletter_job
-- ----------------------------
DROP TABLE IF EXISTS `act_ru_deadletter_job`;
CREATE TABLE `act_ru_deadletter_job`  (
  `ID_` varchar(64) CHARACTER SET utf8mb3 COLLATE utf8mb3_bin NOT NULL,
  `REV_` int NULL DEFAULT NULL,
  `TYPE_` varchar(255) CHARACTER SET utf8mb3 COLLATE utf8mb3_bin NOT NULL,
  `EXCLUSIVE_` tinyint(1) NULL DEFAULT NULL,
  `EXECUTION_ID_` varchar(64) CHARACTER SET utf8mb3 COLLATE utf8mb3_bin NULL DEFAULT NULL,
  `PROCESS_INSTANCE_ID_` varchar(64) CHARACTER SET utf8mb3 COLLATE utf8mb3_bin NULL DEFAULT NULL,
  `PROC_DEF_ID_` varchar(64) CHARACTER SET utf8mb3 COLLATE utf8mb3_bin NULL DEFAULT NULL,
  `EXCEPTION_STACK_ID_` varchar(64) CHARACTER SET utf8mb3 COLLATE utf8mb3_bin NULL DEFAULT NULL,
  `EXCEPTION_MSG_` varchar(4000) CHARACTER SET utf8mb3 COLLATE utf8mb3_bin NULL DEFAULT NULL,
  `DUEDATE_` timestamp(3) NULL DEFAULT NULL,
  `REPEAT_` varchar(255) CHARACTER SET utf8mb3 COLLATE utf8mb3_bin NULL DEFAULT NULL,
  `HANDLER_TYPE_` varchar(255) CHARACTER SET utf8mb3 COLLATE utf8mb3_bin NULL DEFAULT NULL,
  `HANDLER_CFG_` varchar(4000) CHARACTER SET utf8mb3 COLLATE utf8mb3_bin NULL DEFAULT NULL,
  `TENANT_ID_` varchar(255) CHARACTER SET utf8mb3 COLLATE utf8mb3_bin NULL DEFAULT '',
  PRIMARY KEY (`ID_`) USING BTREE,
  INDEX `ACT_FK_DEADLETTER_JOB_EXECUTION`(`EXECUTION_ID_` ASC) USING BTREE,
  INDEX `ACT_FK_DEADLETTER_JOB_PROCESS_INSTANCE`(`PROCESS_INSTANCE_ID_` ASC) USING BTREE,
  INDEX `ACT_FK_DEADLETTER_JOB_PROC_DEF`(`PROC_DEF_ID_` ASC) USING BTREE,
  INDEX `ACT_FK_DEADLETTER_JOB_EXCEPTION`(`EXCEPTION_STACK_ID_` ASC) USING BTREE,
  CONSTRAINT `ACT_FK_DEADLETTER_JOB_EXCEPTION` FOREIGN KEY (`EXCEPTION_STACK_ID_`) REFERENCES `act_ge_bytearray` (`ID_`) ON DELETE RESTRICT ON UPDATE RESTRICT,
  CONSTRAINT `ACT_FK_DEADLETTER_JOB_EXECUTION` FOREIGN KEY (`EXECUTION_ID_`) REFERENCES `act_ru_execution` (`ID_`) ON DELETE RESTRICT ON UPDATE RESTRICT,
  CONSTRAINT `ACT_FK_DEADLETTER_JOB_PROC_DEF` FOREIGN KEY (`PROC_DEF_ID_`) REFERENCES `act_re_procdef` (`ID_`) ON DELETE RESTRICT ON UPDATE RESTRICT,
  CONSTRAINT `ACT_FK_DEADLETTER_JOB_PROCESS_INSTANCE` FOREIGN KEY (`PROCESS_INSTANCE_ID_`) REFERENCES `act_ru_execution` (`ID_`) ON DELETE RESTRICT ON UPDATE RESTRICT
) ENGINE = InnoDB CHARACTER SET = utf8mb3 COLLATE = utf8mb3_bin ROW_FORMAT = DYNAMIC;

-- ----------------------------
-- Records of act_ru_deadletter_job
-- ----------------------------

-- ----------------------------
-- Table structure for act_ru_event_subscr
-- ----------------------------
DROP TABLE IF EXISTS `act_ru_event_subscr`;
CREATE TABLE `act_ru_event_subscr`  (
  `ID_` varchar(64) CHARACTER SET utf8mb3 COLLATE utf8mb3_bin NOT NULL,
  `REV_` int NULL DEFAULT NULL,
  `EVENT_TYPE_` varchar(255) CHARACTER SET utf8mb3 COLLATE utf8mb3_bin NOT NULL,
  `EVENT_NAME_` varchar(255) CHARACTER SET utf8mb3 COLLATE utf8mb3_bin NULL DEFAULT NULL,
  `EXECUTION_ID_` varchar(64) CHARACTER SET utf8mb3 COLLATE utf8mb3_bin NULL DEFAULT NULL,
  `PROC_INST_ID_` varchar(64) CHARACTER SET utf8mb3 COLLATE utf8mb3_bin NULL DEFAULT NULL,
  `ACTIVITY_ID_` varchar(64) CHARACTER SET utf8mb3 COLLATE utf8mb3_bin NULL DEFAULT NULL,
  `CONFIGURATION_` varchar(255) CHARACTER SET utf8mb3 COLLATE utf8mb3_bin NULL DEFAULT NULL,
  `CREATED_` timestamp(3) NOT NULL DEFAULT CURRENT_TIMESTAMP(3),
  `PROC_DEF_ID_` varchar(64) CHARACTER SET utf8mb3 COLLATE utf8mb3_bin NULL DEFAULT NULL,
  `TENANT_ID_` varchar(255) CHARACTER SET utf8mb3 COLLATE utf8mb3_bin NULL DEFAULT '',
  PRIMARY KEY (`ID_`) USING BTREE,
  INDEX `ACT_IDX_EVENT_SUBSCR_CONFIG_`(`CONFIGURATION_` ASC) USING BTREE,
  INDEX `ACT_FK_EVENT_EXEC`(`EXECUTION_ID_` ASC) USING BTREE,
  CONSTRAINT `ACT_FK_EVENT_EXEC` FOREIGN KEY (`EXECUTION_ID_`) REFERENCES `act_ru_execution` (`ID_`) ON DELETE RESTRICT ON UPDATE RESTRICT
) ENGINE = InnoDB CHARACTER SET = utf8mb3 COLLATE = utf8mb3_bin ROW_FORMAT = DYNAMIC;

-- ----------------------------
-- Records of act_ru_event_subscr
-- ----------------------------

-- ----------------------------
-- Table structure for act_ru_execution
-- ----------------------------
DROP TABLE IF EXISTS `act_ru_execution`;
CREATE TABLE `act_ru_execution`  (
  `ID_` varchar(64) CHARACTER SET utf8mb3 COLLATE utf8mb3_bin NOT NULL,
  `REV_` int NULL DEFAULT NULL,
  `PROC_INST_ID_` varchar(64) CHARACTER SET utf8mb3 COLLATE utf8mb3_bin NULL DEFAULT NULL,
  `BUSINESS_KEY_` varchar(255) CHARACTER SET utf8mb3 COLLATE utf8mb3_bin NULL DEFAULT NULL,
  `PARENT_ID_` varchar(64) CHARACTER SET utf8mb3 COLLATE utf8mb3_bin NULL DEFAULT NULL,
  `PROC_DEF_ID_` varchar(64) CHARACTER SET utf8mb3 COLLATE utf8mb3_bin NULL DEFAULT NULL,
  `SUPER_EXEC_` varchar(64) CHARACTER SET utf8mb3 COLLATE utf8mb3_bin NULL DEFAULT NULL,
  `ROOT_PROC_INST_ID_` varchar(64) CHARACTER SET utf8mb3 COLLATE utf8mb3_bin NULL DEFAULT NULL,
  `ACT_ID_` varchar(255) CHARACTER SET utf8mb3 COLLATE utf8mb3_bin NULL DEFAULT NULL,
  `IS_ACTIVE_` tinyint NULL DEFAULT NULL,
  `IS_CONCURRENT_` tinyint NULL DEFAULT NULL,
  `IS_SCOPE_` tinyint NULL DEFAULT NULL,
  `IS_EVENT_SCOPE_` tinyint NULL DEFAULT NULL,
  `IS_MI_ROOT_` tinyint NULL DEFAULT NULL,
  `SUSPENSION_STATE_` int NULL DEFAULT NULL,
  `CACHED_ENT_STATE_` int NULL DEFAULT NULL,
  `TENANT_ID_` varchar(255) CHARACTER SET utf8mb3 COLLATE utf8mb3_bin NULL DEFAULT '',
  `NAME_` varchar(255) CHARACTER SET utf8mb3 COLLATE utf8mb3_bin NULL DEFAULT NULL,
  `START_TIME_` datetime(3) NULL DEFAULT NULL,
  `START_USER_ID_` varchar(255) CHARACTER SET utf8mb3 COLLATE utf8mb3_bin NULL DEFAULT NULL,
  `LOCK_TIME_` timestamp(3) NULL DEFAULT NULL,
  `IS_COUNT_ENABLED_` tinyint NULL DEFAULT NULL,
  `EVT_SUBSCR_COUNT_` int NULL DEFAULT NULL,
  `TASK_COUNT_` int NULL DEFAULT NULL,
  `JOB_COUNT_` int NULL DEFAULT NULL,
  `TIMER_JOB_COUNT_` int NULL DEFAULT NULL,
  `SUSP_JOB_COUNT_` int NULL DEFAULT NULL,
  `DEADLETTER_JOB_COUNT_` int NULL DEFAULT NULL,
  `VAR_COUNT_` int NULL DEFAULT NULL,
  `ID_LINK_COUNT_` int NULL DEFAULT NULL,
  `APP_VERSION_` int NULL DEFAULT NULL,
  PRIMARY KEY (`ID_`) USING BTREE,
  INDEX `ACT_IDX_EXEC_BUSKEY`(`BUSINESS_KEY_` ASC) USING BTREE,
  INDEX `ACT_IDC_EXEC_ROOT`(`ROOT_PROC_INST_ID_` ASC) USING BTREE,
  INDEX `ACT_FK_EXE_PROCINST`(`PROC_INST_ID_` ASC) USING BTREE,
  INDEX `ACT_FK_EXE_PARENT`(`PARENT_ID_` ASC) USING BTREE,
  INDEX `ACT_FK_EXE_SUPER`(`SUPER_EXEC_` ASC) USING BTREE,
  INDEX `ACT_FK_EXE_PROCDEF`(`PROC_DEF_ID_` ASC) USING BTREE,
  CONSTRAINT `ACT_FK_EXE_PARENT` FOREIGN KEY (`PARENT_ID_`) REFERENCES `act_ru_execution` (`ID_`) ON DELETE CASCADE ON UPDATE RESTRICT,
  CONSTRAINT `ACT_FK_EXE_PROCDEF` FOREIGN KEY (`PROC_DEF_ID_`) REFERENCES `act_re_procdef` (`ID_`) ON DELETE RESTRICT ON UPDATE RESTRICT,
  CONSTRAINT `ACT_FK_EXE_PROCINST` FOREIGN KEY (`PROC_INST_ID_`) REFERENCES `act_ru_execution` (`ID_`) ON DELETE CASCADE ON UPDATE CASCADE,
  CONSTRAINT `ACT_FK_EXE_SUPER` FOREIGN KEY (`SUPER_EXEC_`) REFERENCES `act_ru_execution` (`ID_`) ON DELETE CASCADE ON UPDATE RESTRICT
) ENGINE = InnoDB CHARACTER SET = utf8mb3 COLLATE = utf8mb3_bin ROW_FORMAT = DYNAMIC;

-- ----------------------------
-- Records of act_ru_execution
-- ----------------------------
INSERT INTO `act_ru_execution` VALUES ('924a5bd1-34a8-11ed-a5e5-283a4d3b4979', 2, '924a5bd1-34a8-11ed-a5e5-283a4d3b4979', '1570250806270881793', NULL, 'Leave:1:ecc98b0e-2fe9-11ed-aa68-283a4d3b4979', NULL, '924a5bd1-34a8-11ed-a5e5-283a4d3b4979', NULL, 1, 0, 1, 0, 0, 1, NULL, '', '请假申请流程', '2022-09-15 11:43:33.185', 'admin', NULL, 0, 0, 0, 0, 0, 0, 0, 0, 0, NULL);
INSERT INTO `act_ru_execution` VALUES ('924a5bd7-34a8-11ed-a5e5-283a4d3b4979', 3, '924a5bd1-34a8-11ed-a5e5-283a4d3b4979', NULL, '924a5bd1-34a8-11ed-a5e5-283a4d3b4979', 'Leave:1:ecc98b0e-2fe9-11ed-aa68-283a4d3b4979', NULL, '924a5bd1-34a8-11ed-a5e5-283a4d3b4979', 'sid-95041659-921C-4647-AA7E-007DD53297BA', 1, 0, 0, 0, 0, 1, NULL, '', NULL, '2022-09-15 11:43:33.185', NULL, NULL, 0, 0, 0, 0, 0, 0, 0, 0, 0, NULL);
INSERT INTO `act_ru_execution` VALUES ('b98a3e96-34a0-11ed-a5e5-283a4d3b4979', 2, 'b98a3e96-34a0-11ed-a5e5-283a4d3b4979', '1567777623949111297', NULL, 'Leave:1:ecc98b0e-2fe9-11ed-aa68-283a4d3b4979', NULL, 'b98a3e96-34a0-11ed-a5e5-283a4d3b4979', NULL, 1, 0, 1, 0, 0, 1, NULL, '', '请假申请流程', '2022-09-15 10:47:23.061', 'admin', NULL, 0, 0, 0, 0, 0, 0, 0, 0, 0, NULL);
INSERT INTO `act_ru_execution` VALUES ('b98c3a6c-34a0-11ed-a5e5-283a4d3b4979', 5, 'b98a3e96-34a0-11ed-a5e5-283a4d3b4979', NULL, 'b98a3e96-34a0-11ed-a5e5-283a4d3b4979', 'Leave:1:ecc98b0e-2fe9-11ed-aa68-283a4d3b4979', NULL, 'b98a3e96-34a0-11ed-a5e5-283a4d3b4979', 'sid-2B5363F4-D5A0-41C4-B626-E497657D21E4', 1, 0, 0, 0, 0, 1, NULL, '', NULL, '2022-09-15 10:47:23.074', NULL, NULL, 0, 0, 0, 0, 0, 0, 0, 0, 0, NULL);

-- ----------------------------
-- Table structure for act_ru_identitylink
-- ----------------------------
DROP TABLE IF EXISTS `act_ru_identitylink`;
CREATE TABLE `act_ru_identitylink`  (
  `ID_` varchar(64) CHARACTER SET utf8mb3 COLLATE utf8mb3_bin NOT NULL,
  `REV_` int NULL DEFAULT NULL,
  `GROUP_ID_` varchar(255) CHARACTER SET utf8mb3 COLLATE utf8mb3_bin NULL DEFAULT NULL,
  `TYPE_` varchar(255) CHARACTER SET utf8mb3 COLLATE utf8mb3_bin NULL DEFAULT NULL,
  `USER_ID_` varchar(255) CHARACTER SET utf8mb3 COLLATE utf8mb3_bin NULL DEFAULT NULL,
  `TASK_ID_` varchar(64) CHARACTER SET utf8mb3 COLLATE utf8mb3_bin NULL DEFAULT NULL,
  `PROC_INST_ID_` varchar(64) CHARACTER SET utf8mb3 COLLATE utf8mb3_bin NULL DEFAULT NULL,
  `PROC_DEF_ID_` varchar(64) CHARACTER SET utf8mb3 COLLATE utf8mb3_bin NULL DEFAULT NULL,
  PRIMARY KEY (`ID_`) USING BTREE,
  INDEX `ACT_IDX_IDENT_LNK_USER`(`USER_ID_` ASC) USING BTREE,
  INDEX `ACT_IDX_IDENT_LNK_GROUP`(`GROUP_ID_` ASC) USING BTREE,
  INDEX `ACT_IDX_ATHRZ_PROCEDEF`(`PROC_DEF_ID_` ASC) USING BTREE,
  INDEX `ACT_FK_TSKASS_TASK`(`TASK_ID_` ASC) USING BTREE,
  INDEX `ACT_FK_IDL_PROCINST`(`PROC_INST_ID_` ASC) USING BTREE,
  CONSTRAINT `ACT_FK_ATHRZ_PROCEDEF` FOREIGN KEY (`PROC_DEF_ID_`) REFERENCES `act_re_procdef` (`ID_`) ON DELETE RESTRICT ON UPDATE RESTRICT,
  CONSTRAINT `ACT_FK_IDL_PROCINST` FOREIGN KEY (`PROC_INST_ID_`) REFERENCES `act_ru_execution` (`ID_`) ON DELETE RESTRICT ON UPDATE RESTRICT,
  CONSTRAINT `ACT_FK_TSKASS_TASK` FOREIGN KEY (`TASK_ID_`) REFERENCES `act_ru_task` (`ID_`) ON DELETE RESTRICT ON UPDATE RESTRICT
) ENGINE = InnoDB CHARACTER SET = utf8mb3 COLLATE = utf8mb3_bin ROW_FORMAT = DYNAMIC;

-- ----------------------------
-- Records of act_ru_identitylink
-- ----------------------------
INSERT INTO `act_ru_identitylink` VALUES ('924a5bd2-34a8-11ed-a5e5-283a4d3b4979', 1, NULL, 'starter', 'admin', NULL, '924a5bd1-34a8-11ed-a5e5-283a4d3b4979', NULL);
INSERT INTO `act_ru_identitylink` VALUES ('b98a3e97-34a0-11ed-a5e5-283a4d3b4979', 1, NULL, 'starter', 'admin', NULL, 'b98a3e96-34a0-11ed-a5e5-283a4d3b4979', NULL);

-- ----------------------------
-- Table structure for act_ru_integration
-- ----------------------------
DROP TABLE IF EXISTS `act_ru_integration`;
CREATE TABLE `act_ru_integration`  (
  `ID_` varchar(64) CHARACTER SET utf8mb3 COLLATE utf8mb3_bin NOT NULL,
  `EXECUTION_ID_` varchar(64) CHARACTER SET utf8mb3 COLLATE utf8mb3_bin NULL DEFAULT NULL,
  `PROCESS_INSTANCE_ID_` varchar(64) CHARACTER SET utf8mb3 COLLATE utf8mb3_bin NULL DEFAULT NULL,
  `PROC_DEF_ID_` varchar(64) CHARACTER SET utf8mb3 COLLATE utf8mb3_bin NULL DEFAULT NULL,
  `FLOW_NODE_ID_` varchar(64) CHARACTER SET utf8mb3 COLLATE utf8mb3_bin NULL DEFAULT NULL,
  `CREATED_DATE_` timestamp(3) NULL DEFAULT NULL,
  PRIMARY KEY (`ID_`) USING BTREE,
  INDEX `ACT_FK_INT_EXECUTION`(`EXECUTION_ID_` ASC) USING BTREE,
  INDEX `ACT_FK_INT_PROC_INST`(`PROCESS_INSTANCE_ID_` ASC) USING BTREE,
  INDEX `ACT_FK_INT_PROC_DEF`(`PROC_DEF_ID_` ASC) USING BTREE,
  CONSTRAINT `ACT_FK_INT_EXECUTION` FOREIGN KEY (`EXECUTION_ID_`) REFERENCES `act_ru_execution` (`ID_`) ON DELETE CASCADE ON UPDATE RESTRICT,
  CONSTRAINT `ACT_FK_INT_PROC_DEF` FOREIGN KEY (`PROC_DEF_ID_`) REFERENCES `act_re_procdef` (`ID_`) ON DELETE RESTRICT ON UPDATE RESTRICT,
  CONSTRAINT `ACT_FK_INT_PROC_INST` FOREIGN KEY (`PROCESS_INSTANCE_ID_`) REFERENCES `act_ru_execution` (`ID_`) ON DELETE RESTRICT ON UPDATE RESTRICT
) ENGINE = InnoDB CHARACTER SET = utf8mb3 COLLATE = utf8mb3_bin ROW_FORMAT = DYNAMIC;

-- ----------------------------
-- Records of act_ru_integration
-- ----------------------------

-- ----------------------------
-- Table structure for act_ru_job
-- ----------------------------
DROP TABLE IF EXISTS `act_ru_job`;
CREATE TABLE `act_ru_job`  (
  `ID_` varchar(64) CHARACTER SET utf8mb3 COLLATE utf8mb3_bin NOT NULL,
  `REV_` int NULL DEFAULT NULL,
  `TYPE_` varchar(255) CHARACTER SET utf8mb3 COLLATE utf8mb3_bin NOT NULL,
  `LOCK_EXP_TIME_` timestamp(3) NULL DEFAULT NULL,
  `LOCK_OWNER_` varchar(255) CHARACTER SET utf8mb3 COLLATE utf8mb3_bin NULL DEFAULT NULL,
  `EXCLUSIVE_` tinyint(1) NULL DEFAULT NULL,
  `EXECUTION_ID_` varchar(64) CHARACTER SET utf8mb3 COLLATE utf8mb3_bin NULL DEFAULT NULL,
  `PROCESS_INSTANCE_ID_` varchar(64) CHARACTER SET utf8mb3 COLLATE utf8mb3_bin NULL DEFAULT NULL,
  `PROC_DEF_ID_` varchar(64) CHARACTER SET utf8mb3 COLLATE utf8mb3_bin NULL DEFAULT NULL,
  `RETRIES_` int NULL DEFAULT NULL,
  `EXCEPTION_STACK_ID_` varchar(64) CHARACTER SET utf8mb3 COLLATE utf8mb3_bin NULL DEFAULT NULL,
  `EXCEPTION_MSG_` varchar(4000) CHARACTER SET utf8mb3 COLLATE utf8mb3_bin NULL DEFAULT NULL,
  `DUEDATE_` timestamp(3) NULL DEFAULT NULL,
  `REPEAT_` varchar(255) CHARACTER SET utf8mb3 COLLATE utf8mb3_bin NULL DEFAULT NULL,
  `HANDLER_TYPE_` varchar(255) CHARACTER SET utf8mb3 COLLATE utf8mb3_bin NULL DEFAULT NULL,
  `HANDLER_CFG_` varchar(4000) CHARACTER SET utf8mb3 COLLATE utf8mb3_bin NULL DEFAULT NULL,
  `TENANT_ID_` varchar(255) CHARACTER SET utf8mb3 COLLATE utf8mb3_bin NULL DEFAULT '',
  PRIMARY KEY (`ID_`) USING BTREE,
  INDEX `ACT_FK_JOB_EXECUTION`(`EXECUTION_ID_` ASC) USING BTREE,
  INDEX `ACT_FK_JOB_PROCESS_INSTANCE`(`PROCESS_INSTANCE_ID_` ASC) USING BTREE,
  INDEX `ACT_FK_JOB_PROC_DEF`(`PROC_DEF_ID_` ASC) USING BTREE,
  INDEX `ACT_FK_JOB_EXCEPTION`(`EXCEPTION_STACK_ID_` ASC) USING BTREE,
  CONSTRAINT `ACT_FK_JOB_EXCEPTION` FOREIGN KEY (`EXCEPTION_STACK_ID_`) REFERENCES `act_ge_bytearray` (`ID_`) ON DELETE RESTRICT ON UPDATE RESTRICT,
  CONSTRAINT `ACT_FK_JOB_EXECUTION` FOREIGN KEY (`EXECUTION_ID_`) REFERENCES `act_ru_execution` (`ID_`) ON DELETE RESTRICT ON UPDATE RESTRICT,
  CONSTRAINT `ACT_FK_JOB_PROC_DEF` FOREIGN KEY (`PROC_DEF_ID_`) REFERENCES `act_re_procdef` (`ID_`) ON DELETE RESTRICT ON UPDATE RESTRICT,
  CONSTRAINT `ACT_FK_JOB_PROCESS_INSTANCE` FOREIGN KEY (`PROCESS_INSTANCE_ID_`) REFERENCES `act_ru_execution` (`ID_`) ON DELETE RESTRICT ON UPDATE RESTRICT
) ENGINE = InnoDB CHARACTER SET = utf8mb3 COLLATE = utf8mb3_bin ROW_FORMAT = DYNAMIC;

-- ----------------------------
-- Records of act_ru_job
-- ----------------------------

-- ----------------------------
-- Table structure for act_ru_suspended_job
-- ----------------------------
DROP TABLE IF EXISTS `act_ru_suspended_job`;
CREATE TABLE `act_ru_suspended_job`  (
  `ID_` varchar(64) CHARACTER SET utf8mb3 COLLATE utf8mb3_bin NOT NULL,
  `REV_` int NULL DEFAULT NULL,
  `TYPE_` varchar(255) CHARACTER SET utf8mb3 COLLATE utf8mb3_bin NOT NULL,
  `EXCLUSIVE_` tinyint(1) NULL DEFAULT NULL,
  `EXECUTION_ID_` varchar(64) CHARACTER SET utf8mb3 COLLATE utf8mb3_bin NULL DEFAULT NULL,
  `PROCESS_INSTANCE_ID_` varchar(64) CHARACTER SET utf8mb3 COLLATE utf8mb3_bin NULL DEFAULT NULL,
  `PROC_DEF_ID_` varchar(64) CHARACTER SET utf8mb3 COLLATE utf8mb3_bin NULL DEFAULT NULL,
  `RETRIES_` int NULL DEFAULT NULL,
  `EXCEPTION_STACK_ID_` varchar(64) CHARACTER SET utf8mb3 COLLATE utf8mb3_bin NULL DEFAULT NULL,
  `EXCEPTION_MSG_` varchar(4000) CHARACTER SET utf8mb3 COLLATE utf8mb3_bin NULL DEFAULT NULL,
  `DUEDATE_` timestamp(3) NULL DEFAULT NULL,
  `REPEAT_` varchar(255) CHARACTER SET utf8mb3 COLLATE utf8mb3_bin NULL DEFAULT NULL,
  `HANDLER_TYPE_` varchar(255) CHARACTER SET utf8mb3 COLLATE utf8mb3_bin NULL DEFAULT NULL,
  `HANDLER_CFG_` varchar(4000) CHARACTER SET utf8mb3 COLLATE utf8mb3_bin NULL DEFAULT NULL,
  `TENANT_ID_` varchar(255) CHARACTER SET utf8mb3 COLLATE utf8mb3_bin NULL DEFAULT '',
  PRIMARY KEY (`ID_`) USING BTREE,
  INDEX `ACT_FK_SUSPENDED_JOB_EXECUTION`(`EXECUTION_ID_` ASC) USING BTREE,
  INDEX `ACT_FK_SUSPENDED_JOB_PROCESS_INSTANCE`(`PROCESS_INSTANCE_ID_` ASC) USING BTREE,
  INDEX `ACT_FK_SUSPENDED_JOB_PROC_DEF`(`PROC_DEF_ID_` ASC) USING BTREE,
  INDEX `ACT_FK_SUSPENDED_JOB_EXCEPTION`(`EXCEPTION_STACK_ID_` ASC) USING BTREE,
  CONSTRAINT `ACT_FK_SUSPENDED_JOB_EXCEPTION` FOREIGN KEY (`EXCEPTION_STACK_ID_`) REFERENCES `act_ge_bytearray` (`ID_`) ON DELETE RESTRICT ON UPDATE RESTRICT,
  CONSTRAINT `ACT_FK_SUSPENDED_JOB_EXECUTION` FOREIGN KEY (`EXECUTION_ID_`) REFERENCES `act_ru_execution` (`ID_`) ON DELETE RESTRICT ON UPDATE RESTRICT,
  CONSTRAINT `ACT_FK_SUSPENDED_JOB_PROC_DEF` FOREIGN KEY (`PROC_DEF_ID_`) REFERENCES `act_re_procdef` (`ID_`) ON DELETE RESTRICT ON UPDATE RESTRICT,
  CONSTRAINT `ACT_FK_SUSPENDED_JOB_PROCESS_INSTANCE` FOREIGN KEY (`PROCESS_INSTANCE_ID_`) REFERENCES `act_ru_execution` (`ID_`) ON DELETE RESTRICT ON UPDATE RESTRICT
) ENGINE = InnoDB CHARACTER SET = utf8mb3 COLLATE = utf8mb3_bin ROW_FORMAT = DYNAMIC;

-- ----------------------------
-- Records of act_ru_suspended_job
-- ----------------------------

-- ----------------------------
-- Table structure for act_ru_task
-- ----------------------------
DROP TABLE IF EXISTS `act_ru_task`;
CREATE TABLE `act_ru_task`  (
  `ID_` varchar(64) CHARACTER SET utf8mb3 COLLATE utf8mb3_bin NOT NULL,
  `REV_` int NULL DEFAULT NULL,
  `EXECUTION_ID_` varchar(64) CHARACTER SET utf8mb3 COLLATE utf8mb3_bin NULL DEFAULT NULL,
  `PROC_INST_ID_` varchar(64) CHARACTER SET utf8mb3 COLLATE utf8mb3_bin NULL DEFAULT NULL,
  `PROC_DEF_ID_` varchar(64) CHARACTER SET utf8mb3 COLLATE utf8mb3_bin NULL DEFAULT NULL,
  `NAME_` varchar(255) CHARACTER SET utf8mb3 COLLATE utf8mb3_bin NULL DEFAULT NULL,
  `BUSINESS_KEY_` varchar(255) CHARACTER SET utf8mb3 COLLATE utf8mb3_bin NULL DEFAULT NULL,
  `PARENT_TASK_ID_` varchar(64) CHARACTER SET utf8mb3 COLLATE utf8mb3_bin NULL DEFAULT NULL,
  `DESCRIPTION_` varchar(4000) CHARACTER SET utf8mb3 COLLATE utf8mb3_bin NULL DEFAULT NULL,
  `TASK_DEF_KEY_` varchar(255) CHARACTER SET utf8mb3 COLLATE utf8mb3_bin NULL DEFAULT NULL,
  `OWNER_` varchar(255) CHARACTER SET utf8mb3 COLLATE utf8mb3_bin NULL DEFAULT NULL,
  `ASSIGNEE_` varchar(255) CHARACTER SET utf8mb3 COLLATE utf8mb3_bin NULL DEFAULT NULL,
  `DELEGATION_` varchar(64) CHARACTER SET utf8mb3 COLLATE utf8mb3_bin NULL DEFAULT NULL,
  `PRIORITY_` int NULL DEFAULT NULL,
  `CREATE_TIME_` timestamp(3) NULL DEFAULT NULL,
  `DUE_DATE_` datetime(3) NULL DEFAULT NULL,
  `CATEGORY_` varchar(255) CHARACTER SET utf8mb3 COLLATE utf8mb3_bin NULL DEFAULT NULL,
  `SUSPENSION_STATE_` int NULL DEFAULT NULL,
  `TENANT_ID_` varchar(255) CHARACTER SET utf8mb3 COLLATE utf8mb3_bin NULL DEFAULT '',
  `FORM_KEY_` varchar(255) CHARACTER SET utf8mb3 COLLATE utf8mb3_bin NULL DEFAULT NULL,
  `CLAIM_TIME_` datetime(3) NULL DEFAULT NULL,
  `APP_VERSION_` int NULL DEFAULT NULL,
  PRIMARY KEY (`ID_`) USING BTREE,
  INDEX `ACT_IDX_TASK_CREATE`(`CREATE_TIME_` ASC) USING BTREE,
  INDEX `ACT_FK_TASK_EXE`(`EXECUTION_ID_` ASC) USING BTREE,
  INDEX `ACT_FK_TASK_PROCINST`(`PROC_INST_ID_` ASC) USING BTREE,
  INDEX `ACT_FK_TASK_PROCDEF`(`PROC_DEF_ID_` ASC) USING BTREE,
  CONSTRAINT `ACT_FK_TASK_EXE` FOREIGN KEY (`EXECUTION_ID_`) REFERENCES `act_ru_execution` (`ID_`) ON DELETE RESTRICT ON UPDATE RESTRICT,
  CONSTRAINT `ACT_FK_TASK_PROCDEF` FOREIGN KEY (`PROC_DEF_ID_`) REFERENCES `act_re_procdef` (`ID_`) ON DELETE RESTRICT ON UPDATE RESTRICT,
  CONSTRAINT `ACT_FK_TASK_PROCINST` FOREIGN KEY (`PROC_INST_ID_`) REFERENCES `act_ru_execution` (`ID_`) ON DELETE RESTRICT ON UPDATE RESTRICT
) ENGINE = InnoDB CHARACTER SET = utf8mb3 COLLATE = utf8mb3_bin ROW_FORMAT = DYNAMIC;

-- ----------------------------
-- Records of act_ru_task
-- ----------------------------
INSERT INTO `act_ru_task` VALUES ('5a1f160b-34a8-11ed-a5e5-283a4d3b4979', 2, 'b98c3a6c-34a0-11ed-a5e5-283a4d3b4979', 'b98a3e96-34a0-11ed-a5e5-283a4d3b4979', 'Leave:1:ecc98b0e-2fe9-11ed-aa68-283a4d3b4979', '总经理审批', '1567777623949111297', NULL, NULL, 'sid-2B5363F4-D5A0-41C4-B626-E497657D21E4', NULL, 'admin', NULL, 50, '2022-09-15 11:41:58.949', NULL, NULL, 1, '', NULL, NULL, NULL);
INSERT INTO `act_ru_task` VALUES ('dd2c6efe-34a8-11ed-a5e5-283a4d3b4979', 2, '924a5bd7-34a8-11ed-a5e5-283a4d3b4979', '924a5bd1-34a8-11ed-a5e5-283a4d3b4979', 'Leave:1:ecc98b0e-2fe9-11ed-aa68-283a4d3b4979', '人事专员审批', '1570250806270881793', NULL, NULL, 'sid-95041659-921C-4647-AA7E-007DD53297BA', NULL, 'admin', NULL, 50, '2022-09-15 11:45:38.818', NULL, NULL, 1, '', NULL, NULL, NULL);

-- ----------------------------
-- Table structure for act_ru_timer_job
-- ----------------------------
DROP TABLE IF EXISTS `act_ru_timer_job`;
CREATE TABLE `act_ru_timer_job`  (
  `ID_` varchar(64) CHARACTER SET utf8mb3 COLLATE utf8mb3_bin NOT NULL,
  `REV_` int NULL DEFAULT NULL,
  `TYPE_` varchar(255) CHARACTER SET utf8mb3 COLLATE utf8mb3_bin NOT NULL,
  `LOCK_EXP_TIME_` timestamp(3) NULL DEFAULT NULL,
  `LOCK_OWNER_` varchar(255) CHARACTER SET utf8mb3 COLLATE utf8mb3_bin NULL DEFAULT NULL,
  `EXCLUSIVE_` tinyint(1) NULL DEFAULT NULL,
  `EXECUTION_ID_` varchar(64) CHARACTER SET utf8mb3 COLLATE utf8mb3_bin NULL DEFAULT NULL,
  `PROCESS_INSTANCE_ID_` varchar(64) CHARACTER SET utf8mb3 COLLATE utf8mb3_bin NULL DEFAULT NULL,
  `PROC_DEF_ID_` varchar(64) CHARACTER SET utf8mb3 COLLATE utf8mb3_bin NULL DEFAULT NULL,
  `RETRIES_` int NULL DEFAULT NULL,
  `EXCEPTION_STACK_ID_` varchar(64) CHARACTER SET utf8mb3 COLLATE utf8mb3_bin NULL DEFAULT NULL,
  `EXCEPTION_MSG_` varchar(4000) CHARACTER SET utf8mb3 COLLATE utf8mb3_bin NULL DEFAULT NULL,
  `DUEDATE_` timestamp(3) NULL DEFAULT NULL,
  `REPEAT_` varchar(255) CHARACTER SET utf8mb3 COLLATE utf8mb3_bin NULL DEFAULT NULL,
  `HANDLER_TYPE_` varchar(255) CHARACTER SET utf8mb3 COLLATE utf8mb3_bin NULL DEFAULT NULL,
  `HANDLER_CFG_` varchar(4000) CHARACTER SET utf8mb3 COLLATE utf8mb3_bin NULL DEFAULT NULL,
  `TENANT_ID_` varchar(255) CHARACTER SET utf8mb3 COLLATE utf8mb3_bin NULL DEFAULT '',
  PRIMARY KEY (`ID_`) USING BTREE,
  INDEX `ACT_FK_TIMER_JOB_EXECUTION`(`EXECUTION_ID_` ASC) USING BTREE,
  INDEX `ACT_FK_TIMER_JOB_PROCESS_INSTANCE`(`PROCESS_INSTANCE_ID_` ASC) USING BTREE,
  INDEX `ACT_FK_TIMER_JOB_PROC_DEF`(`PROC_DEF_ID_` ASC) USING BTREE,
  INDEX `ACT_FK_TIMER_JOB_EXCEPTION`(`EXCEPTION_STACK_ID_` ASC) USING BTREE,
  CONSTRAINT `ACT_FK_TIMER_JOB_EXCEPTION` FOREIGN KEY (`EXCEPTION_STACK_ID_`) REFERENCES `act_ge_bytearray` (`ID_`) ON DELETE RESTRICT ON UPDATE RESTRICT,
  CONSTRAINT `ACT_FK_TIMER_JOB_EXECUTION` FOREIGN KEY (`EXECUTION_ID_`) REFERENCES `act_ru_execution` (`ID_`) ON DELETE RESTRICT ON UPDATE RESTRICT,
  CONSTRAINT `ACT_FK_TIMER_JOB_PROC_DEF` FOREIGN KEY (`PROC_DEF_ID_`) REFERENCES `act_re_procdef` (`ID_`) ON DELETE RESTRICT ON UPDATE RESTRICT,
  CONSTRAINT `ACT_FK_TIMER_JOB_PROCESS_INSTANCE` FOREIGN KEY (`PROCESS_INSTANCE_ID_`) REFERENCES `act_ru_execution` (`ID_`) ON DELETE RESTRICT ON UPDATE RESTRICT
) ENGINE = InnoDB CHARACTER SET = utf8mb3 COLLATE = utf8mb3_bin ROW_FORMAT = DYNAMIC;

-- ----------------------------
-- Records of act_ru_timer_job
-- ----------------------------

-- ----------------------------
-- Table structure for act_ru_variable
-- ----------------------------
DROP TABLE IF EXISTS `act_ru_variable`;
CREATE TABLE `act_ru_variable`  (
  `ID_` varchar(64) CHARACTER SET utf8mb3 COLLATE utf8mb3_bin NOT NULL,
  `REV_` int NULL DEFAULT NULL,
  `TYPE_` varchar(255) CHARACTER SET utf8mb3 COLLATE utf8mb3_bin NOT NULL,
  `NAME_` varchar(255) CHARACTER SET utf8mb3 COLLATE utf8mb3_bin NOT NULL,
  `EXECUTION_ID_` varchar(64) CHARACTER SET utf8mb3 COLLATE utf8mb3_bin NULL DEFAULT NULL,
  `PROC_INST_ID_` varchar(64) CHARACTER SET utf8mb3 COLLATE utf8mb3_bin NULL DEFAULT NULL,
  `TASK_ID_` varchar(64) CHARACTER SET utf8mb3 COLLATE utf8mb3_bin NULL DEFAULT NULL,
  `BYTEARRAY_ID_` varchar(64) CHARACTER SET utf8mb3 COLLATE utf8mb3_bin NULL DEFAULT NULL,
  `DOUBLE_` double NULL DEFAULT NULL,
  `LONG_` bigint NULL DEFAULT NULL,
  `TEXT_` varchar(4000) CHARACTER SET utf8mb3 COLLATE utf8mb3_bin NULL DEFAULT NULL,
  `TEXT2_` varchar(4000) CHARACTER SET utf8mb3 COLLATE utf8mb3_bin NULL DEFAULT NULL,
  PRIMARY KEY (`ID_`) USING BTREE,
  INDEX `ACT_IDX_VARIABLE_TASK_ID`(`TASK_ID_` ASC) USING BTREE,
  INDEX `ACT_FK_VAR_EXE`(`EXECUTION_ID_` ASC) USING BTREE,
  INDEX `ACT_FK_VAR_PROCINST`(`PROC_INST_ID_` ASC) USING BTREE,
  INDEX `ACT_FK_VAR_BYTEARRAY`(`BYTEARRAY_ID_` ASC) USING BTREE,
  CONSTRAINT `ACT_FK_VAR_BYTEARRAY` FOREIGN KEY (`BYTEARRAY_ID_`) REFERENCES `act_ge_bytearray` (`ID_`) ON DELETE RESTRICT ON UPDATE RESTRICT,
  CONSTRAINT `ACT_FK_VAR_EXE` FOREIGN KEY (`EXECUTION_ID_`) REFERENCES `act_ru_execution` (`ID_`) ON DELETE RESTRICT ON UPDATE RESTRICT,
  CONSTRAINT `ACT_FK_VAR_PROCINST` FOREIGN KEY (`PROC_INST_ID_`) REFERENCES `act_ru_execution` (`ID_`) ON DELETE RESTRICT ON UPDATE RESTRICT
) ENGINE = InnoDB CHARACTER SET = utf8mb3 COLLATE = utf8mb3_bin ROW_FORMAT = DYNAMIC;

-- ----------------------------
-- Records of act_ru_variable
-- ----------------------------
INSERT INTO `act_ru_variable` VALUES ('5a1f3d1c-34a8-11ed-a5e5-283a4d3b4979', 1, 'string', 'formName', 'b98c3a6c-34a0-11ed-a5e5-283a4d3b4979', 'b98a3e96-34a0-11ed-a5e5-283a4d3b4979', '5a1f160b-34a8-11ed-a5e5-283a4d3b4979', NULL, NULL, NULL, 'LeaveForm', NULL);
INSERT INTO `act_ru_variable` VALUES ('5a1f3d1e-34a8-11ed-a5e5-283a4d3b4979', 1, 'json', 'entity', 'b98c3a6c-34a0-11ed-a5e5-283a4d3b4979', 'b98a3e96-34a0-11ed-a5e5-283a4d3b4979', '5a1f160b-34a8-11ed-a5e5-283a4d3b4979', NULL, NULL, NULL, '{\"id\":\"1567777623949111297\",\"username\":\"admin\",\"leaveType\":2,\"title\":\"12345\",\"leaveReason\":\"4567\",\"startDate\":\"2022-09-07T16:00:00.000+00:00\",\"endDate\":\"2022-09-16T15:59:59.000+00:00\",\"duration\":9,\"principal\":\"2\",\"contactPhone\":\"1\",\"createDate\":\"2022-09-08T07:31:28.000+00:00\",\"updateDate\":\"2022-09-08T07:31:28.000+00:00\",\"processInstanceId\":\"\",\"status\":0,\"createDateStr\":\"2022-09-08 15:31:28\",\"leaveTypeStr\":\"事假\",\"startDateStr\":\"2022-09-08 00:00:00\",\"statusStr\":\"已撤回\",\"endDateStr\":\"2022-09-16 23:59:59\",\"updateDateStr\":\"2022-09-08 15:31:28\"}', 'java.util.LinkedHashMap');
INSERT INTO `act_ru_variable` VALUES ('924a5bd3-34a8-11ed-a5e5-283a4d3b4979', 1, 'json', 'entity', '924a5bd1-34a8-11ed-a5e5-283a4d3b4979', '924a5bd1-34a8-11ed-a5e5-283a4d3b4979', NULL, NULL, NULL, NULL, '{\"id\":\"1570250806270881793\",\"username\":\"admin\",\"leaveType\":1,\"title\":\"0915\",\"leaveReason\":\"请假病假\",\"startDate\":\"2022-09-14T16:00:00.000+00:00\",\"endDate\":\"2022-09-23T15:59:59.000+00:00\",\"duration\":8.9,\"createDate\":\"2022-09-15T03:19:00.000+00:00\",\"updateDate\":\"2022-09-15T03:19:00.000+00:00\",\"processInstanceId\":\"\",\"status\":0,\"createDateStr\":\"2022-09-15 11:19:00\",\"leaveTypeStr\":\"病假\",\"startDateStr\":\"2022-09-15 00:00:00\",\"statusStr\":\"已撤回\",\"endDateStr\":\"2022-09-23 23:59:59\",\"updateDateStr\":\"2022-09-15 11:19:00\"}', 'java.util.LinkedHashMap');
INSERT INTO `act_ru_variable` VALUES ('924a5bd5-34a8-11ed-a5e5-283a4d3b4979', 1, 'string', 'formName', '924a5bd1-34a8-11ed-a5e5-283a4d3b4979', '924a5bd1-34a8-11ed-a5e5-283a4d3b4979', NULL, NULL, NULL, NULL, 'LeaveForm', NULL);
INSERT INTO `act_ru_variable` VALUES ('b98bc538-34a0-11ed-a5e5-283a4d3b4979', 1, 'json', 'entity', 'b98a3e96-34a0-11ed-a5e5-283a4d3b4979', 'b98a3e96-34a0-11ed-a5e5-283a4d3b4979', NULL, NULL, NULL, NULL, '{\"id\":\"1567777623949111297\",\"username\":\"admin\",\"leaveType\":2,\"title\":\"12345\",\"leaveReason\":\"4567\",\"startDate\":\"2022-09-07T16:00:00.000+00:00\",\"endDate\":\"2022-09-16T15:59:59.000+00:00\",\"duration\":9,\"principal\":\"2\",\"contactPhone\":\"1\",\"createDate\":\"2022-09-08T07:31:28.000+00:00\",\"updateDate\":\"2022-09-08T07:31:28.000+00:00\",\"processInstanceId\":\"\",\"status\":0,\"createDateStr\":\"2022-09-08 15:31:28\",\"leaveTypeStr\":\"事假\",\"startDateStr\":\"2022-09-08 00:00:00\",\"statusStr\":\"已撤回\",\"endDateStr\":\"2022-09-16 23:59:59\",\"updateDateStr\":\"2022-09-08 15:31:28\"}', 'java.util.LinkedHashMap');
INSERT INTO `act_ru_variable` VALUES ('b98c3a6a-34a0-11ed-a5e5-283a4d3b4979', 1, 'string', 'formName', 'b98a3e96-34a0-11ed-a5e5-283a4d3b4979', 'b98a3e96-34a0-11ed-a5e5-283a4d3b4979', NULL, NULL, NULL, NULL, 'LeaveForm', NULL);
INSERT INTO `act_ru_variable` VALUES ('dd2c960f-34a8-11ed-a5e5-283a4d3b4979', 1, 'string', 'formName', '924a5bd7-34a8-11ed-a5e5-283a4d3b4979', '924a5bd1-34a8-11ed-a5e5-283a4d3b4979', 'dd2c6efe-34a8-11ed-a5e5-283a4d3b4979', NULL, NULL, NULL, 'LeaveForm', NULL);
INSERT INTO `act_ru_variable` VALUES ('dd2c9611-34a8-11ed-a5e5-283a4d3b4979', 1, 'json', 'entity', '924a5bd7-34a8-11ed-a5e5-283a4d3b4979', '924a5bd1-34a8-11ed-a5e5-283a4d3b4979', 'dd2c6efe-34a8-11ed-a5e5-283a4d3b4979', NULL, NULL, NULL, '{\"id\":\"1570250806270881793\",\"username\":\"admin\",\"leaveType\":1,\"title\":\"0915\",\"leaveReason\":\"请假病假\",\"startDate\":\"2022-09-14T16:00:00.000+00:00\",\"endDate\":\"2022-09-23T15:59:59.000+00:00\",\"duration\":8.9,\"createDate\":\"2022-09-15T03:19:00.000+00:00\",\"updateDate\":\"2022-09-15T03:19:00.000+00:00\",\"processInstanceId\":\"\",\"status\":0,\"createDateStr\":\"2022-09-15 11:19:00\",\"leaveTypeStr\":\"病假\",\"startDateStr\":\"2022-09-15 00:00:00\",\"statusStr\":\"已撤回\",\"endDateStr\":\"2022-09-23 23:59:59\",\"updateDateStr\":\"2022-09-15 11:19:00\"}', 'java.util.LinkedHashMap');

-- ----------------------------
-- Table structure for mxg_business_status
-- ----------------------------
DROP TABLE IF EXISTS `mxg_business_status`;
CREATE TABLE `mxg_business_status`  (
  `business_key` varchar(60) CHARACTER SET utf8mb4 COLLATE utf8mb4_0900_ai_ci NOT NULL COMMENT '业务ID',
  `process_instance_id` varchar(60) CHARACTER SET utf8mb4 COLLATE utf8mb4_0900_ai_ci NULL DEFAULT NULL COMMENT '流程实例ID',
  `status` tinyint NULL DEFAULT NULL COMMENT '状态',
  `create_date` datetime NULL DEFAULT CURRENT_TIMESTAMP COMMENT '创建时间',
  `update_date` datetime NULL DEFAULT CURRENT_TIMESTAMP ON UPDATE CURRENT_TIMESTAMP COMMENT '更新时间',
  PRIMARY KEY (`business_key`) USING BTREE
) ENGINE = InnoDB CHARACTER SET = utf8mb4 COLLATE = utf8mb4_0900_ai_ci COMMENT = '业务状态实体表' ROW_FORMAT = DYNAMIC;

-- ----------------------------
-- Records of mxg_business_status
-- ----------------------------
INSERT INTO `mxg_business_status` VALUES ('1567433768766676993', '', 0, '2022-09-07 16:45:06', '2022-09-09 10:48:32');
INSERT INTO `mxg_business_status` VALUES ('1567676953761906689', '', 0, '2022-09-08 08:51:26', '2022-09-09 10:48:30');
INSERT INTO `mxg_business_status` VALUES ('1567777623949111297', 'b98a3e96-34a0-11ed-a5e5-283a4d3b4979', 2, '2022-09-08 15:31:28', '2022-09-15 10:47:23');
INSERT INTO `mxg_business_status` VALUES ('1567790199235923969', '', 5, '2022-09-08 16:21:26', '2022-09-14 13:54:10');
INSERT INTO `mxg_business_status` VALUES ('1568112800827052034', 'c7443de8-33c7-11ed-86cc-283a4d3b4979', 3, '2022-09-09 13:43:20', '2022-09-15 11:41:36');
INSERT INTO `mxg_business_status` VALUES ('1569483068132782082', '029458f3-32fb-11ed-9c60-283a4d3b4979', 4, '2022-09-13 08:28:17', '2022-09-14 08:53:03');
INSERT INTO `mxg_business_status` VALUES ('1570208571776995329', NULL, 1, '2022-09-15 08:31:11', '2022-09-15 08:31:11');
INSERT INTO `mxg_business_status` VALUES ('1570250806270881793', '924a5bd1-34a8-11ed-a5e5-283a4d3b4979', 2, '2022-09-15 11:19:00', '2022-09-15 11:43:33');
INSERT INTO `mxg_business_status` VALUES ('1570294851227549698', NULL, 1, '2022-09-15 14:14:01', '2022-09-15 14:14:01');

-- ----------------------------
-- Table structure for mxg_process_config
-- ----------------------------
DROP TABLE IF EXISTS `mxg_process_config`;
CREATE TABLE `mxg_process_config`  (
  `id` varchar(60) CHARACTER SET utf8mb4 COLLATE utf8mb4_0900_ai_ci NOT NULL COMMENT '主键id',
  `process_key` varchar(60) CHARACTER SET utf8mb4 COLLATE utf8mb4_0900_ai_ci NULL DEFAULT NULL COMMENT '流程定义KEY',
  `business_route` varchar(100) CHARACTER SET utf8mb4 COLLATE utf8mb4_0900_ai_ci NULL DEFAULT NULL COMMENT '业务申请路由名',
  `form_name` varchar(100) CHARACTER SET utf8mb4 COLLATE utf8mb4_0900_ai_ci NULL DEFAULT NULL COMMENT '关联表单组件名',
  `create_date` datetime NULL DEFAULT CURRENT_TIMESTAMP COMMENT '创建时间',
  `update_date` datetime NULL DEFAULT CURRENT_TIMESTAMP ON UPDATE CURRENT_TIMESTAMP COMMENT '更新时间',
  PRIMARY KEY (`id`) USING BTREE
) ENGINE = InnoDB CHARACTER SET = utf8mb4 COLLATE = utf8mb4_0900_ai_ci COMMENT = '流程定义配置表' ROW_FORMAT = DYNAMIC;

-- ----------------------------
-- Records of mxg_process_config
-- ----------------------------
INSERT INTO `mxg_process_config` VALUES ('1568069386601426946', 'Leave', 'Leave', 'LeaveForm', '2022-09-09 10:50:49', '2022-09-09 10:50:49');
INSERT INTO `mxg_process_config` VALUES ('1570292737176698882', 'Loan', 'Loan', 'LoanForm', '2022-09-15 14:05:37', '2022-09-15 14:05:37');

-- ----------------------------
-- Table structure for sys_user
-- ----------------------------
DROP TABLE IF EXISTS `sys_user`;
CREATE TABLE `sys_user`  (
  `id` varchar(40) CHARACTER SET utf8mb3 COLLATE utf8mb3_general_ci NOT NULL COMMENT '用户 ID',
  `username` varchar(60) CHARACTER SET utf8mb3 COLLATE utf8mb3_general_ci NULL DEFAULT NULL COMMENT '用户名',
  `password` varchar(60) CHARACTER SET utf8mb3 COLLATE utf8mb3_general_ci NULL DEFAULT NULL COMMENT '密码，加密存储, admin/1234',
  `nick_name` varchar(60) CHARACTER SET utf8mb3 COLLATE utf8mb3_general_ci NULL DEFAULT NULL COMMENT '昵称',
  `image_url` varchar(255) CHARACTER SET utf8mb4 COLLATE utf8mb4_0900_ai_ci NULL DEFAULT NULL COMMENT '头像url',
  PRIMARY KEY (`id`) USING BTREE,
  UNIQUE INDEX `username`(`username` ASC) USING BTREE
) ENGINE = InnoDB CHARACTER SET = utf8mb3 COLLATE = utf8mb3_general_ci COMMENT = '用户信息表' ROW_FORMAT = DYNAMIC;

-- ----------------------------
-- Records of sys_user
-- ----------------------------
INSERT INTO `sys_user` VALUES ('11', 'admin', '$2a$10$EHkq/r6PTCCYEDOQYNi/ZORb8S.G8yxu4jsxqvjGWEytyrrPx5FVS', '超级管理员', 'group1/M00/00/00/J2y7ZGA2IheAESCfAABBqgX_-Lk92.jpeg');
INSERT INTO `sys_user` VALUES ('12', 'zhangsan', '$2a$10$EHkq/r6PTCCYEDOQYNi/ZORb8S.G8yxu4jsxqvjGWEytyrrPx5FVS', '张三', 'group1/M00/00/00/J2y7ZGA2IheAESCfAABBqgX_-Lk92.jpeg');
INSERT INTO `sys_user` VALUES ('13', 'lisi', '$2a$10$EHkq/r6PTCCYEDOQYNi/ZORb8S.G8yxu4jsxqvjGWEytyrrPx5FVS', '李四', 'group1/M00/00/00/J2y7ZGA2IheAESCfAABBqgX_-Lk92.jpeg');
INSERT INTO `sys_user` VALUES ('14', 'wangwu', '$2a$10$EHkq/r6PTCCYEDOQYNi/ZORb8S.G8yxu4jsxqvjGWEytyrrPx5FVS', '王五', 'group1/M00/00/00/J2y7ZGA2IheAESCfAABBqgX_-Lk92.jpeg');
INSERT INTO `sys_user` VALUES ('15', 'xiaoming', '$2a$10$EHkq/r6PTCCYEDOQYNi/ZORb8S.G8yxu4jsxqvjGWEytyrrPx5FVS', '小明', 'group1/M00/00/00/J2y7ZGA2IheAESCfAABBqgX_-Lk92.jpeg');
INSERT INTO `sys_user` VALUES ('16', 'xiaohong', '$2a$10$EHkq/r6PTCCYEDOQYNi/ZORb8S.G8yxu4jsxqvjGWEytyrrPx5FVS', '小红', 'group1/M00/00/00/J2y7ZGA2IheAESCfAABBqgX_-Lk92.jpeg');
INSERT INTO `sys_user` VALUES ('17', 'xiaobai', '$2a$10$EHkq/r6PTCCYEDOQYNi/ZORb8S.G8yxu4jsxqvjGWEytyrrPx5FVS', '小白', 'group1/M00/00/00/J2y7ZGA2IheAESCfAABBqgX_-Lk92.jpeg');
INSERT INTO `sys_user` VALUES ('18', 'xiaodu', '$2a$10$EHkq/r6PTCCYEDOQYNi/ZORb8S.G8yxu4jsxqvjGWEytyrrPx5FVS', '小度', 'group1/M00/00/00/J2y7ZGA2IheAESCfAABBqgX_-Lk92.jpeg');

SET FOREIGN_KEY_CHECKS = 1;
